user_id,applicant_id,total_before,total_after,total_change
2,1,1.05715,1.05715,0.0
2,2,0.6685333333333333,0.6685333333333333,0.0
2,3,0.39951666666666663,0.39951666666666663,0.0
2,4,0.7583333333333334,0.9082333333333334,0.1499
2,5,1.3567,1.5036666666666667,0.14696666666666666
2,6,0.4008,0.4008,0.0
2,7,0.5658666666666667,0.5658666666666667,0.0
2,8,0.9332833333333334,1.38655,0.45326666666666665
2,9,3.463966666666667,4.85975,1.3957833333333336
2,10,0.5192166666666667,0.5192166666666667,0.0
2,11,0.7525666666666667,0.7525666666666667,0.0
2,12,0.6237333333333334,1.0757666666666668,0.45203333333333334
10,1,0.7124499999999999,0.7124499999999999,0.0
10,2,2.3751333333333333,2.3751333333333333,0.0
10,3,0.9021166666666666,0.9021166666666666,0.0
10,4,1.1768166666666666,1.1768166666666666,0.0
10,5,1.1324666666666667,1.1324666666666667,0.0
10,6,1.3395666666666668,1.3395666666666668,0.0
10,7,0.8259666666666667,0.8259666666666667,0.0
10,8,1.1202333333333334,1.1202333333333334,0.0
10,9,0.9685999999999999,1.7242666666666664,0.7556666666666666
10,10,1.08125,1.08125,0.0
10,11,1.0925,1.0925,0.0
10,12,1.3326999999999998,1.3326999999999998,0.0
11,1,0.3609166666666666,0.3609166666666666,0.0
11,2,1.0180833333333332,1.0823333333333331,0.06425
11,3,0.4714333333333333,0.4714333333333333,0.0
11,4,0.10381666666666667,0.10381666666666667,0.0
11,5,0.27923333333333333,0.27923333333333333,0.0
11,6,0.31973333333333337,0.31973333333333337,0.0
11,7,0.32353333333333334,0.32353333333333334,0.0
11,8,0.2890666666666667,0.2890666666666667,0.0
11,9,0.12718333333333334,0.12718333333333334,0.0
11,10,0.16691666666666669,0.16691666666666669,0.0
11,11,0.14118333333333333,0.14118333333333333,0.0
11,12,2.5261166666666663,2.5261166666666663,0.0
18,1,0.4205,0.4205,0.0
18,2,0.41153333333333325,0.41153333333333325,0.0
18,3,0.45676666666666665,0.45676666666666665,0.0
18,4,0.43653333333333333,0.43653333333333333,0.0
18,5,1.2439000000000004,1.2439000000000004,0.0
18,6,0.5286333333333333,0.5286333333333333,0.0
18,7,0.45100000000000007,0.45100000000000007,0.0
18,8,0.61505,0.61505,0.0
18,9,0.5435,0.5435,0.0
18,10,0.45431666666666665,0.45431666666666665,0.0
18,11,0.4296833333333333,0.4296833333333333,0.0
18,12,0.6667666666666666,0.6667666666666666,0.0
7,1,3.3187666666666673,3.3187666666666673,0.0
7,2,4.915716666666667,4.915716666666667,0.0
7,3,2.7158999999999995,2.7158999999999995,0.0
7,4,6.694783333333335,7.001350000000002,0.30656666666666665
7,5,4.9316499999999985,4.9316499999999985,0.0
7,6,3.410266666666666,3.410266666666666,0.0
7,7,3.0626166666666665,3.0626166666666665,0.0
7,8,3.7757333333333336,3.7757333333333336,0.0
7,9,3.9701333333333335,3.9701333333333335,0.0
7,10,4.25085,4.25085,0.0
7,11,3.69855,3.69855,0.0
7,12,3.1601333333333326,3.1601333333333326,0.0
13,1,1.7811666666666666,1.7811666666666666,0.0
13,2,0.39743333333333336,0.39743333333333336,0.0
13,3,1.1641166666666665,1.1641166666666665,0.0
13,4,1.20485,1.20485,0.0
13,5,3.3564166666666666,3.3564166666666666,0.0
13,6,1.2957666666666667,1.2957666666666667,0.0
13,7,1.5677333333333334,1.5677333333333334,0.0
13,8,0.7320500000000001,0.7320500000000001,0.0
13,9,1.05735,1.05735,0.0
13,10,0.7150333333333334,0.7150333333333334,0.0
13,11,1.8922999999999999,1.8922999999999999,0.0
13,12,1.7220166666666668,4.572116666666666,2.8501
6,1,3.2865499999999996,3.2865499999999996,0.0
6,2,3.3199499999999995,3.445833333333333,0.12588333333333335
6,3,2.095416666666667,2.095416666666667,0.0
6,4,3.6025333333333336,3.6441333333333334,0.0416
6,5,3.326666666666667,3.326666666666667,0.0
6,6,2.0583666666666667,2.0583666666666667,0.0
6,7,2.881816666666667,2.881816666666667,0.0
6,8,3.21685,3.21685,0.0
6,9,2.2859499999999997,2.2859499999999997,0.0
6,10,1.8130333333333333,2.1226,0.3095666666666667
6,11,3.365666666666667,3.365666666666667,0.0
6,12,2.74915,2.74915,0.0
23,1,1.7209833333333335,1.7209833333333335,0.0
23,2,1.7723166666666665,1.7723166666666665,0.0
23,3,1.6686666666666663,1.6686666666666663,0.0
23,4,1.7331,1.7331,0.0
23,5,0.8919166666666667,0.8919166666666667,0.0
23,6,2.0905,2.0905,0.0
23,7,6.496616666666667,6.496616666666667,0.0
23,8,1.7767499999999998,1.7767499999999998,0.0
23,9,2.47735,2.47735,0.0
23,10,1.2695499999999997,1.2695499999999997,0.0
23,11,1.9101333333333332,1.9101333333333332,0.0
23,12,1.7669500000000002,1.7669500000000002,0.0
26,1,1.2912000000000001,1.2912000000000001,0.0
26,2,2.25585,2.25585,0.0
26,3,1.49385,1.49385,0.0
26,4,1.4818999999999998,1.4818999999999998,0.0
26,5,2.406283333333333,2.406283333333333,0.0
26,6,1.7690833333333336,1.7690833333333336,0.0
26,7,2.1805333333333334,2.1805333333333334,0.0
26,8,2.5961,2.5961,0.0
26,9,1.652816666666667,1.652816666666667,0.0
26,10,4.244600000000002,4.244600000000002,0.0
26,11,2.9161500000000005,2.9161500000000005,0.0
26,12,1.5914999999999997,1.5914999999999997,0.0
20,1,0.49599999999999994,0.5810166666666666,0.08501666666666667
20,2,0.5956666666666667,0.5956666666666667,0.0
20,3,0.19488333333333333,0.19488333333333333,0.0
20,4,0.2638666666666667,0.2638666666666667,0.0
20,5,0.6509166666666666,0.6509166666666666,0.0
20,6,0.5363333333333333,0.5363333333333333,0.0
20,7,0.21488333333333332,0.21488333333333332,0.0
20,8,0.9240999999999999,0.9240999999999999,0.0
20,9,0.5967,0.5967,0.0
20,10,0.5862,0.5862,0.0
20,11,0.5304166666666666,0.5304166666666666,0.0
20,12,0.6099666666666667,0.6099666666666667,0.0
17,1,2.2963666666666667,2.2963666666666667,0.0
17,2,5.139116666666666,5.139116666666666,0.0
17,3,1.7652166666666667,1.7652166666666667,0.0
17,4,7.782383333333332,7.782383333333332,0.0
17,5,2.4329,2.4329,0.0
17,6,2.8026,2.8026,0.0
17,7,4.009466666666667,4.009466666666667,0.0
17,8,4.5657000000000005,4.5657000000000005,0.0
17,9,2.3567833333333335,2.3567833333333335,0.0
17,10,2.7179999999999995,2.7179999999999995,0.0
17,11,2.8053999999999997,2.8053999999999997,0.0
17,12,3.02815,3.02815,0.0
25,1,2.812266666666666,2.812266666666666,0.0
25,2,3.345816666666667,3.345816666666667,0.0
25,3,2.4880500000000008,2.4880500000000008,0.0
25,4,2.284116666666667,2.284116666666667,0.0
25,5,3.7407499999999994,3.7407499999999994,0.0
25,6,2.4700166666666665,2.4700166666666665,0.0
25,7,2.6560000000000006,2.6560000000000006,0.0
25,8,1.6128500000000001,1.6128500000000001,0.0
25,9,2.10835,2.10835,0.0
25,10,2.4988833333333327,2.4988833333333327,0.0
25,11,2.4086166666666666,2.4086166666666666,0.0
25,12,2.18745,2.18745,0.0
40,1,0.8051666666666667,0.8051666666666667,0.0
40,2,1.0045000000000002,1.1115500000000003,0.10705
40,3,0.6551166666666668,0.6551166666666668,0.0
40,4,0.8234333333333334,0.8234333333333334,0.0
40,5,1.3527833333333337,1.3527833333333337,0.0
40,6,1.5152000000000003,1.7477000000000003,0.2325
40,7,0.7995833333333332,0.7995833333333332,0.0
40,8,1.7931499999999998,1.9929499999999998,0.1998
40,9,0.9643333333333333,0.9643333333333333,0.0
40,10,0.9662666666666666,0.9662666666666666,0.0
40,11,1.1167333333333331,1.1167333333333331,0.0
40,12,1.0775666666666666,1.3003166666666666,0.22275000000000003
56,1,0.38744999999999996,0.38744999999999996,0.0
56,2,0.2969333333333333,0.2969333333333333,0.0
56,3,0.10681666666666667,0.10681666666666667,0.0
56,4,0.15936666666666668,0.15936666666666668,0.0
56,5,0.10289999999999999,0.10289999999999999,0.0
56,6,0.24756666666666666,0.24756666666666666,0.0
56,7,0.16556666666666667,0.16556666666666667,0.0
56,8,0.13003333333333333,0.13003333333333333,0.0
56,9,0.3642,0.3642,0.0
56,10,0.7932666666666667,0.8968166666666667,0.10355
56,11,0.13433333333333333,0.13433333333333333,0.0
56,12,0.24716666666666665,0.24716666666666665,0.0
33,1,6.052883333333333,6.052883333333333,0.0
33,2,2.295166666666667,2.295166666666667,0.0
33,3,1.9173999999999998,1.9173999999999998,0.0
33,4,2.109983333333333,2.109983333333333,0.0
33,5,1.51965,1.51965,0.0
33,6,2.293683333333333,2.293683333333333,0.0
33,7,3.9022166666666664,3.9022166666666664,0.0
33,8,2.1769833333333333,2.1769833333333333,0.0
33,9,2.173433333333333,2.173433333333333,0.0
33,10,2.0004166666666663,2.0004166666666663,0.0
33,11,2.820416666666666,2.820416666666666,0.0
33,12,1.1826166666666666,1.1826166666666666,0.0
54,1,0.6633499999999999,0.6633499999999999,0.0
54,2,0.6944166666666667,0.6944166666666667,0.0
54,3,0.7104,0.7104,0.0
54,4,0.6577833333333334,0.6577833333333334,0.0
54,5,0.64425,0.64425,0.0
54,6,1.15575,1.15575,0.0
54,7,0.6316166666666667,0.6316166666666667,0.0
54,8,0.6045999999999999,0.6045999999999999,0.0
54,9,0.86155,0.86155,0.0
54,10,1.0273,1.0273,0.0
54,11,1.5786833333333337,1.5786833333333337,0.0
54,12,0.9075000000000001,0.9075000000000001,0.0
9,1,0.9558666666666669,0.9558666666666669,0.0
9,2,1.641233333333333,1.641233333333333,0.0
9,3,1.9227666666666672,1.9227666666666672,0.0
9,4,1.1136166666666667,1.1136166666666667,0.0
9,5,3.4350666666666663,3.4350666666666663,0.0
9,6,3.908,3.9721333333333333,0.06413333333333333
9,7,10.757800000000003,10.873883333333337,0.11608333333333333
9,8,1.7817,1.7817,0.0
9,9,4.467666666666666,4.467666666666666,0.0
9,10,2.0878,2.0878,0.0
9,11,3.092649999999999,3.092649999999999,0.0
9,12,1.8695499999999998,1.8695499999999998,0.0
14,1,3.2647000000000004,3.2647000000000004,0.0
14,2,1.25375,1.25375,0.0
14,3,1.2358833333333332,1.2358833333333332,0.0
14,4,6.345416666666666,6.345416666666666,0.0
14,5,0.9538,0.9538,0.0
14,6,0.8312499999999999,0.8312499999999999,0.0
14,7,1.0126,1.0126,0.0
14,8,2.3935000000000004,2.3935000000000004,0.0
14,9,2.796566666666667,2.796566666666667,0.0
14,10,2.121916666666667,2.121916666666667,0.0
14,11,4.079000000000001,4.1329166666666675,0.05391666666666666
14,12,6.904616666666667,6.904616666666667,0.0
29,1,1.675366666666667,1.675366666666667,0.0
29,2,1.5205833333333334,1.5205833333333334,0.0
29,3,1.8523166666666666,1.8523166666666666,0.0
29,4,2.021683333333333,2.021683333333333,0.0
29,5,1.0279500000000001,1.0279500000000001,0.0
29,6,0.8849499999999999,0.8849499999999999,0.0
29,7,0.5923666666666667,0.5923666666666667,0.0
29,8,0.9862166666666666,0.9862166666666666,0.0
29,9,2.442416666666667,2.442416666666667,0.0
29,10,1.2177666666666667,1.2809333333333333,0.06316666666666666
29,11,1.1285166666666666,1.1285166666666666,0.0
29,12,0.8839666666666666,0.8839666666666666,0.0
52,1,0.6975500000000001,0.6975500000000001,0.0
52,2,1.0995166666666667,1.0995166666666667,0.0
52,3,1.6143833333333335,1.6143833333333335,0.0
52,4,0.6936500000000001,0.6936500000000001,0.0
52,5,0.9495833333333334,0.9495833333333334,0.0
52,6,0.8254666666666667,0.8254666666666667,0.0
52,7,0.5780833333333332,0.5780833333333332,0.0
52,8,1.8604166666666668,1.8604166666666668,0.0
52,9,1.84605,1.84605,0.0
52,10,1.6873166666666668,1.6873166666666668,0.0
52,11,1.4965499999999996,1.4965499999999996,0.0
52,12,1.1760666666666666,1.1760666666666666,0.0
50,1,0.8994833333333334,0.8994833333333334,0.0
50,2,1.5548666666666664,1.5548666666666664,0.0
50,3,1.1716333333333333,1.1716333333333333,0.0
50,4,0.9204500000000002,0.9204500000000002,0.0
50,5,1.1338499999999998,1.1338499999999998,0.0
50,6,1.2947,1.3268333333333333,0.03213333333333333
50,7,2.0124166666666667,2.0124166666666667,0.0
50,8,1.4922499999999999,1.4922499999999999,0.0
50,9,0.8950333333333333,0.8950333333333333,0.0
50,10,1.7249500000000002,1.7249500000000002,0.0
50,11,2.3058166666666664,2.4250166666666666,0.1192
50,12,1.6057833333333333,1.6057833333333333,0.0
28,1,2.7379166666666657,2.7379166666666657,0.0
28,2,2.03525,2.03525,0.0
28,3,0.16193333333333332,0.16193333333333332,0.0
28,4,1.0566166666666668,1.0566166666666668,0.0
28,5,1.8363166666666668,1.8363166666666668,0.0
28,6,2.4597666666666664,2.4597666666666664,0.0
28,7,0.8237666666666668,0.8237666666666668,0.0
28,8,1.0112666666666665,1.0112666666666665,0.0
28,9,1.1788166666666666,1.1788166666666666,0.0
28,10,0.3755333333333334,0.3755333333333334,0.0
28,11,1.4483833333333331,1.4483833333333331,0.0
28,12,0.7311666666666666,0.7311666666666666,0.0
15,1,1.638166666666667,1.638166666666667,0.0
15,2,1.7604,1.7604,0.0
15,3,1.3117333333333334,1.3117333333333334,0.0
15,4,0.9525833333333333,0.9525833333333333,0.0
15,5,1.6462499999999998,1.6462499999999998,0.0
15,6,1.6690500000000001,1.6690500000000001,0.0
15,7,1.6244999999999998,1.6244999999999998,0.0
15,8,1.7523333333333335,1.7523333333333335,0.0
15,9,1.3528666666666669,1.3528666666666669,0.0
15,10,1.732933333333333,1.732933333333333,0.0
15,11,2.07985,2.1218666666666666,0.04201666666666667
15,12,1.7488,1.7488,0.0
62,1,0.6339333333333333,0.6339333333333333,0.0
62,2,0.7037,0.7037,0.0
62,3,0.3733166666666667,0.3733166666666667,0.0
62,4,0.4097333333333333,0.5262666666666667,0.11653333333333334
62,5,2.0204333333333335,2.0919833333333333,0.07155
62,6,0.4081666666666667,0.4081666666666667,0.0
62,7,0.3356166666666666,0.3356166666666666,0.0
62,8,0.5815166666666667,0.5815166666666667,0.0
62,9,0.4438166666666667,0.4438166666666667,0.0
62,10,0.3163333333333333,0.3163333333333333,0.0
62,11,0.3464666666666667,0.3464666666666667,0.0
62,12,0.55315,0.55315,0.0
16,1,6.272483333333334,6.272483333333334,0.0
16,2,4.006616666666667,4.006616666666667,0.0
16,3,4.6070166666666665,4.6070166666666665,0.0
16,4,6.463216666666665,6.463216666666665,0.0
16,5,4.780583333333333,4.780583333333333,0.0
16,6,4.62985,4.62985,0.0
16,7,5.416416666666667,5.416416666666667,0.0
16,8,4.389783333333333,4.389783333333333,0.0
16,9,4.774916666666667,4.774916666666667,0.0
16,10,6.323016666666668,6.323016666666668,0.0
16,11,5.0213333333333345,5.0213333333333345,0.0
16,12,5.2049666666666665,5.2049666666666665,0.0
27,1,0.9872333333333333,0.9872333333333333,0.0
27,2,0.9645166666666668,0.9645166666666668,0.0
27,3,0.4953,0.4953,0.0
27,4,0.42286666666666667,0.4457833333333333,0.022916666666666665
27,5,3.5537499999999995,3.5537499999999995,0.0
27,6,0.55155,0.55155,0.0
27,7,0.5336666666666667,0.5336666666666667,0.0
27,8,1.645866666666667,1.645866666666667,0.0
27,9,0.7218499999999999,0.7218499999999999,0.0
27,10,0.7589499999999999,0.7589499999999999,0.0
27,11,1.2673333333333332,1.2673333333333332,0.0
27,12,0.9593833333333333,0.9593833333333333,0.0
48,1,0.6482333333333333,0.6482333333333333,0.0
48,2,1.9119166666666665,1.9597833333333332,0.04786666666666666
48,3,0.7804000000000001,0.7804000000000001,0.0
48,4,0.7297833333333335,0.7297833333333335,0.0
48,5,0.7606333333333333,0.7606333333333333,0.0
48,6,2.024583333333333,2.024583333333333,0.0
48,7,0.9063,0.9063,0.0
48,8,2.3168499999999996,2.3168499999999996,0.0
48,9,0.7272333333333333,0.7272333333333333,0.0
48,10,0.9058666666666666,0.9058666666666666,0.0
48,11,0.79185,0.79185,0.0
48,12,1.1427166666666668,1.1427166666666668,0.0
59,1,1.9995166666666668,2.0797166666666667,0.08020000000000001
59,2,2.386766666666667,2.386766666666667,0.0
59,3,0.3714166666666667,0.3714166666666667,0.0
59,4,0.8126333333333334,0.8126333333333334,0.0
59,5,0.8678166666666667,0.8678166666666667,0.0
59,6,0.62925,0.62925,0.0
59,7,0.5508333333333333,0.5508333333333333,0.0
59,8,0.8364833333333332,0.8364833333333332,0.0
59,9,1.0117500000000001,1.0117500000000001,0.0
59,10,0.9189333333333333,0.9555166666666666,0.03658333333333333
59,11,0.7282833333333333,0.7498333333333332,0.02155
59,12,0.41551666666666665,0.41551666666666665,0.0
5,1,3.1462833333333338,3.186783333333334,0.0405
5,2,3.8112000000000004,3.9975000000000005,0.1863
5,3,15.874416666666672,15.92768333333334,0.05326666666666667
5,4,2.678966666666667,2.7208333333333337,0.04186666666666667
5,5,5.882316666666664,6.051283333333331,0.16896666666666665
5,6,10.338216666666666,10.380566666666667,0.04235
5,7,5.149533333333335,5.216233333333335,0.0667
5,8,6.185983333333333,6.2277499999999995,0.04176666666666666
5,9,21.82658333333333,21.878683333333328,0.0521
5,10,6.962116666666668,7.111116666666668,0.149
5,11,3.0989833333333334,3.1352333333333333,0.03625
5,12,8.720633333333332,8.773583333333331,0.052950000000000004
32,1,2.10765,2.10765,0.0
32,2,1.1441,1.1441,0.0
32,3,2.2185833333333336,2.2185833333333336,0.0
32,4,1.5863833333333335,1.5863833333333335,0.0
32,5,1.7180000000000002,1.7180000000000002,0.0
32,6,2.4557833333333337,2.4557833333333337,0.0
32,7,4.77945,4.77945,0.0
32,8,1.0813000000000001,1.0813000000000001,0.0
32,9,5.531866666666668,5.531866666666668,0.0
32,10,1.4849166666666667,1.4849166666666667,0.0
32,11,3.479983333333333,3.479983333333333,0.0
32,12,6.512366666666667,6.512366666666667,0.0
47,1,2.3327333333333335,2.3327333333333335,0.0
47,2,1.9947166666666667,1.9947166666666667,0.0
47,3,3.5972666666666666,3.5972666666666666,0.0
47,4,2.841333333333334,2.841333333333334,0.0
47,5,3.6883500000000002,3.6883500000000002,0.0
47,6,2.0305333333333335,2.0305333333333335,0.0
47,7,2.83375,2.83375,0.0
47,8,1.8447833333333332,1.8447833333333332,0.0
47,9,2.3640666666666665,2.3640666666666665,0.0
47,10,2.3077666666666667,2.3077666666666667,0.0
47,11,2.3189500000000005,2.3189500000000005,0.0
47,12,2.0931,2.0931,0.0
24,1,5.748450000000001,5.748450000000001,0.0
24,2,3.4160500000000007,3.467800000000001,0.05175
24,3,1.507366666666667,1.507366666666667,0.0
24,4,2.2996166666666666,2.2996166666666666,0.0
24,5,5.70615,5.70615,0.0
24,6,2.2424166666666663,2.274733333333333,0.03231666666666667
24,7,2.7679,2.7679,0.0
24,8,1.9909833333333333,1.9909833333333333,0.0
24,9,3.0495833333333326,3.0495833333333326,0.0
24,10,3.5382833333333332,3.5843333333333334,0.04605
24,11,2.3798499999999994,2.3798499999999994,0.0
24,12,1.75095,1.75095,0.0
30,1,4.519266666666667,4.519266666666667,0.0
30,2,4.087700000000001,4.087700000000001,0.0
30,3,5.074599999999999,5.074599999999999,0.0
30,4,4.680450000000002,4.680450000000002,0.0
30,5,3.2159999999999997,3.2159999999999997,0.0
30,6,7.686533333333333,7.686533333333333,0.0
30,7,3.215533333333333,3.215533333333333,0.0
30,8,3.7374,3.7374,0.0
30,9,3.2255333333333334,3.2255333333333334,0.0
30,10,5.1833,5.1833,0.0
30,11,5.32275,5.32275,0.0
30,12,6.257149999999999,6.257149999999999,0.0
57,1,1.9545499999999998,1.9545499999999998,0.0
57,2,0.96435,0.96435,0.0
57,3,1.1594,1.1594,0.0
57,4,1.06205,1.06205,0.0
57,5,2.7919,2.7919,0.0
57,6,1.718,1.718,0.0
57,7,1.1592666666666667,1.1592666666666667,0.0
57,8,1.0124833333333334,1.0124833333333334,0.0
57,9,1.2512,1.2512,0.0
57,10,2.42575,2.42575,0.0
57,11,1.2382333333333333,1.2382333333333333,0.0
57,12,1.1906666666666668,1.1906666666666668,0.0
60,1,1.4932,1.4932,0.0
60,2,1.6961333333333335,1.6961333333333335,0.0
60,3,2.4223166666666662,2.4223166666666662,0.0
60,4,1.3998333333333335,1.3998333333333335,0.0
60,5,2.3097666666666665,2.3097666666666665,0.0
60,6,3.4649166666666664,3.4649166666666664,0.0
60,7,2.1514833333333336,2.1514833333333336,0.0
60,8,1.2516500000000002,1.2516500000000002,0.0
60,9,2.0440166666666664,2.0440166666666664,0.0
60,10,1.8206166666666665,1.8206166666666665,0.0
60,11,1.1851833333333335,1.1851833333333335,0.0
60,12,1.8960000000000001,1.8960000000000001,0.0
72,1,1.3574333333333335,1.3574333333333335,0.0
72,2,0.9553333333333333,0.9553333333333333,0.0
72,3,1.10715,1.10715,0.0
72,4,0.8572500000000001,0.8572500000000001,0.0
72,5,1.5335833333333333,1.5335833333333333,0.0
72,6,1.3262166666666666,1.3262166666666666,0.0
72,7,1.20875,1.20875,0.0
72,8,1.1172666666666666,1.1172666666666666,0.0
72,9,1.0841166666666666,1.0841166666666666,0.0
72,10,2.8828833333333335,2.8828833333333335,0.0
72,11,0.8647,0.8647,0.0
72,12,0.9104166666666667,0.9104166666666667,0.0
38,1,2.380666666666666,2.380666666666666,0.0
38,2,11.077583333333333,11.480766666666666,0.40318333333333334
38,3,3.344566666666666,3.344566666666666,0.0
38,4,1.4647166666666667,1.4647166666666667,0.0
38,5,2.5666166666666665,2.5666166666666665,0.0
38,6,2.466583333333333,2.466583333333333,0.0
38,7,6.005366666666667,6.3230666666666675,0.31770000000000004
38,8,1.5499166666666666,1.5499166666666666,0.0
38,9,3.8053333333333335,3.8053333333333335,0.0
38,10,2.48115,2.48115,0.0
38,11,5.711483333333335,5.850733333333334,0.13925
38,12,4.208733333333334,4.208733333333334,0.0
12,1,4.842600000000002,4.842600000000002,0.0
12,2,5.350533333333332,5.350533333333332,0.0
12,3,3.3436,3.3436,0.0
12,4,6.3896999999999995,6.3896999999999995,0.0
12,5,3.680766666666667,3.680766666666667,0.0
12,6,4.7679833333333335,4.7679833333333335,0.0
12,7,6.792350000000001,6.792350000000001,0.0
12,8,3.958583333333333,3.958583333333333,0.0
12,9,8.999800000000002,9.068816666666669,0.06901666666666667
12,10,6.871300000000001,6.871300000000001,0.0
12,11,5.445966666666666,5.445966666666666,0.0
12,12,3.564833333333334,3.564833333333334,0.0
8,1,4.8521333333333345,4.8521333333333345,0.0
8,2,12.786933333333334,12.786933333333334,0.0
8,3,4.605483333333333,4.605483333333333,0.0
8,4,7.0494666666666665,7.0494666666666665,0.0
8,5,5.085866666666668,5.085866666666668,0.0
8,6,4.284616666666665,4.284616666666665,0.0
8,7,7.1361500000000015,7.1361500000000015,0.0
8,8,5.843966666666668,5.843966666666668,0.0
8,9,4.532366666666666,4.532366666666666,0.0
8,10,7.39925,7.39925,0.0
8,11,10.187899999999999,10.187899999999999,0.0
8,12,3.4828833333333336,3.4828833333333336,0.0
46,1,3.810883333333333,3.810883333333333,0.0
46,2,4.2608,4.2608,0.0
46,3,5.9507166666666675,5.9507166666666675,0.0
46,4,2.8703333333333325,2.8703333333333325,0.0
46,5,2.8638999999999997,2.8638999999999997,0.0
46,6,7.854416666666666,7.854416666666666,0.0
46,7,7.6607,7.6607,0.0
46,8,3.264666666666667,3.264666666666667,0.0
46,9,3.9326499999999998,3.9326499999999998,0.0
46,10,2.9406833333333333,2.9406833333333333,0.0
46,11,4.306016666666666,4.306016666666666,0.0
46,12,2.553783333333333,2.553783333333333,0.0
22,1,6.9492999999999965,6.9492999999999965,0.0
22,2,8.435683333333333,8.435683333333333,0.0
22,3,5.502316666666667,5.502316666666667,0.0
22,4,4.822016666666669,4.822016666666669,0.0
22,5,6.565049999999998,6.565049999999998,0.0
22,6,7.899566666666665,7.899566666666665,0.0
22,7,8.877250000000002,8.877250000000002,0.0
22,8,6.240783333333332,6.240783333333332,0.0
22,9,5.911133333333335,5.911133333333335,0.0
22,10,7.915350000000001,7.915350000000001,0.0
22,11,8.472466666666666,8.472466666666666,0.0
22,12,6.594083333333333,6.594083333333333,0.0
53,1,2.7241666666666666,2.7241666666666666,0.0
53,2,3.0724166666666664,3.0724166666666664,0.0
53,3,3.942133333333334,3.942133333333334,0.0
53,4,1.5246,1.5246,0.0
53,5,3.83035,3.83035,0.0
53,6,2.3223000000000003,2.3223000000000003,0.0
53,7,2.663866666666667,2.6925333333333334,0.028666666666666667
53,8,2.33695,2.462333333333333,0.12538333333333332
53,9,4.563833333333333,4.563833333333333,0.0
53,10,2.9552166666666673,2.9552166666666673,0.0
53,11,3.072683333333333,3.072683333333333,0.0
53,12,3.7466166666666667,3.7466166666666667,0.0
43,1,2.01915,2.01915,0.0
43,2,2.090433333333333,2.090433333333333,0.0
43,3,1.2631333333333332,1.2631333333333332,0.0
43,4,1.9690499999999997,1.9690499999999997,0.0
43,5,4.106766666666667,4.106766666666667,0.0
43,6,1.9995166666666666,1.9995166666666666,0.0
43,7,3.5579499999999986,3.5579499999999986,0.0
43,8,3.637016666666667,3.637016666666667,0.0
43,9,4.3441833333333335,4.3441833333333335,0.0
43,10,1.60905,1.60905,0.0
43,11,4.022716666666666,4.022716666666666,0.0
43,12,4.23465,4.23465,0.0
69,1,2.06685,2.2381,0.17125
69,2,1.6725,2.0673833333333334,0.39488333333333325
69,3,1.4943166666666663,1.5959666666666663,0.10165
69,4,1.7754,2.0121,0.23670000000000002
69,5,1.6069166666666665,2.2126333333333332,0.6057166666666667
69,6,1.7186499999999998,2.482183333333333,0.7635333333333333
69,7,1.9889333333333332,2.0636,0.07466666666666667
69,8,2.1320166666666664,2.21265,0.08063333333333333
69,9,1.891616666666666,2.351716666666666,0.46009999999999995
69,10,2.1023500000000004,2.4009166666666673,0.29856666666666665
69,11,1.9005833333333335,2.051416666666667,0.15083333333333335
69,12,4.1787833333333335,4.5094,0.33061666666666667
42,1,0.7716333333333333,0.7716333333333333,0.0
42,2,5.273483333333335,5.273483333333335,0.0
42,3,4.181683333333334,4.181683333333334,0.0
42,4,1.6691333333333336,2.2646833333333336,0.59555
42,5,8.52261666666667,8.52261666666667,0.0
42,6,3.6289333333333333,3.6289333333333333,0.0
42,7,0.4340666666666667,0.4340666666666667,0.0
42,8,0.8524166666666666,0.8524166666666666,0.0
42,9,0.5438,0.5438,0.0
42,10,0.6944333333333333,0.6944333333333333,0.0
42,11,1.0186333333333333,1.0186333333333333,0.0
42,12,0.6743,0.6743,0.0
49,1,3.3472333333333335,3.3472333333333335,0.0
49,2,2.0736166666666667,2.0736166666666667,0.0
49,3,3.450733333333334,3.450733333333334,0.0
49,4,3.295566666666667,3.295566666666667,0.0
49,5,2.0208333333333335,2.0208333333333335,0.0
49,6,2.3950666666666662,2.3950666666666662,0.0
49,7,3.427033333333333,3.427033333333333,0.0
49,8,2.1725666666666665,2.1725666666666665,0.0
49,9,4.993733333333334,5.047350000000001,0.05361666666666667
49,10,4.122583333333332,4.122583333333332,0.0
49,11,4.076033333333332,4.076033333333332,0.0
49,12,2.8457666666666666,2.8457666666666666,0.0
44,1,3.140016666666666,3.140016666666666,0.0
44,2,3.1804666666666663,3.1804666666666663,0.0
44,3,3.5352500000000004,3.5352500000000004,0.0
44,4,4.086366666666667,4.086366666666667,0.0
44,5,4.512949999999999,4.512949999999999,0.0
44,6,2.9277500000000005,2.9277500000000005,0.0
44,7,3.6616666666666666,3.6616666666666666,0.0
44,8,5.460333333333334,5.460333333333334,0.0
44,9,8.4216,8.588433333333333,0.16683333333333333
44,10,1.7409,1.7409,0.0
44,11,4.740533333333332,4.740533333333332,0.0
44,12,2.6901833333333327,2.6901833333333327,0.0
34,1,3.829533333333333,3.829533333333333,0.0
34,2,5.169849999999998,5.169849999999998,0.0
34,3,3.750566666666667,3.750566666666667,0.0
34,4,4.3345666666666665,4.3345666666666665,0.0
34,5,4.824233333333332,4.824233333333332,0.0
34,6,5.334833333333333,5.334833333333333,0.0
34,7,6.765283333333334,6.765283333333334,0.0
34,8,13.384733333333331,13.384733333333331,0.0
34,9,4.1975999999999996,4.1975999999999996,0.0
34,10,4.047583333333333,4.047583333333333,0.0
34,11,4.330933333333332,4.330933333333332,0.0
34,12,9.3859,9.3859,0.0
21,1,4.936616666666666,4.936616666666666,0.0
21,2,3.26535,3.26535,0.0
21,3,2.5168,2.5168,0.0
21,4,2.630666666666666,2.630666666666666,0.0
21,5,4.565100000000001,4.565100000000001,0.0
21,6,3.5678666666666663,3.5678666666666663,0.0
21,7,3.6496666666666666,3.6496666666666666,0.0
21,8,17.129383333333337,17.129383333333337,0.0
21,9,8.428266666666664,8.428266666666664,0.0
21,10,5.2332,5.2332,0.0
21,11,8.676166666666665,8.676166666666665,0.0
21,12,3.094116666666667,3.094116666666667,0.0
70,1,0.10958333333333334,0.10958333333333334,0.0
70,2,0.44980000000000003,0.44980000000000003,0.0
70,3,0.06828333333333333,0.06828333333333333,0.0
70,4,0.02195,0.02195,0.0
70,5,1.244233333333333,1.2994999999999997,0.055266666666666665
70,6,0.5075666666666666,0.5075666666666666,0.0
70,7,0.0761,0.0761,0.0
70,8,0.11718333333333333,0.11718333333333333,0.0
70,9,0.6539499999999999,0.6539499999999999,0.0
70,10,0.8329166666666665,0.8329166666666665,0.0
70,11,0.16256666666666666,0.16256666666666666,0.0
70,12,0.3456333333333333,0.3456333333333333,0.0
41,1,0.9130166666666668,0.9130166666666668,0.0
41,2,0.8007500000000001,0.8007500000000001,0.0
41,3,1.0686166666666668,1.0686166666666668,0.0
41,4,1.4875666666666667,1.4875666666666667,0.0
41,5,1.1475666666666666,1.1475666666666666,0.0
41,6,4.322066666666667,4.322066666666667,0.0
41,7,1.0084833333333332,1.0084833333333332,0.0
41,8,1.14645,1.14645,0.0
41,9,0.7996666666666667,0.7996666666666667,0.0
41,10,0.7384333333333334,0.7384333333333334,0.0
41,11,1.2975666666666668,1.2975666666666668,0.0
41,12,9.49315,9.49315,0.0
45,1,5.10165,5.10165,0.0
45,2,5.058716666666667,5.058716666666667,0.0
45,3,5.991216666666667,5.991216666666667,0.0
45,4,5.136,5.136,0.0
45,5,5.82925,5.82925,0.0
45,6,5.154083333333333,5.154083333333333,0.0
45,7,4.119133333333333,4.119133333333333,0.0
45,8,7.704949999999999,7.704949999999999,0.0
45,9,5.501916666666667,5.501916666666667,0.0
45,10,5.381100000000001,5.381100000000001,0.0
45,11,4.786499999999999,4.786499999999999,0.0
45,12,4.676083333333332,4.676083333333332,0.0
61,1,1.9162666666666668,1.9162666666666668,0.0
61,2,2.1586000000000003,2.1586000000000003,0.0
61,3,2.740916666666666,2.740916666666666,0.0
61,4,2.611283333333333,2.611283333333333,0.0
61,5,2.515983333333333,2.515983333333333,0.0
61,6,2.4024999999999994,2.4024999999999994,0.0
61,7,2.032616666666667,2.114816666666667,0.08220000000000001
61,8,2.5155833333333333,2.5155833333333333,0.0
61,9,2.2569333333333335,2.2569333333333335,0.0
61,10,1.6153666666666666,1.6532333333333333,0.037866666666666667
61,11,4.623199999999999,4.623199999999999,0.0
61,12,2.720366666666667,2.720366666666667,0.0
71,1,0.11303333333333332,0.11303333333333332,0.0
71,2,0.6566,0.6566,0.0
71,3,0.6971333333333334,0.6971333333333334,0.0
71,4,0.23126666666666668,0.23126666666666668,0.0
71,5,0.5125666666666666,0.5125666666666666,0.0
71,6,0.39208333333333334,0.39208333333333334,0.0
71,7,0.7620499999999999,0.7620499999999999,0.0
71,8,0.9851166666666666,0.9851166666666666,0.0
71,9,0.7089333333333334,0.7089333333333334,0.0
71,10,0.6388166666666667,0.6388166666666667,0.0
71,11,0.13524999999999998,0.13524999999999998,0.0
71,12,0.29735,0.29735,0.0
64,1,1.02795,1.02795,0.0
64,2,1.1299833333333333,1.1299833333333333,0.0
64,3,1.4312166666666666,1.4312166666666666,0.0
64,4,0.4503833333333333,0.4503833333333333,0.0
64,5,2.438266666666667,2.438266666666667,0.0
64,6,0.5256,0.5256,0.0
64,7,2.06725,2.06725,0.0
64,8,1.7025333333333335,1.7025333333333335,0.0
64,9,1.7444666666666666,1.7444666666666666,0.0
64,10,1.655933333333333,1.655933333333333,0.0
64,11,2.328433333333334,2.328433333333334,0.0
64,12,1.3601999999999999,1.3601999999999999,0.0
51,1,4.403716666666666,4.403716666666666,0.0
51,2,3.1301,3.1301,0.0
51,3,3.6757833333333343,3.6757833333333343,0.0
51,4,0.7962333333333333,0.7962333333333333,0.0
51,5,7.317949999999999,7.317949999999999,0.0
51,6,7.99865,7.99865,0.0
51,7,6.072883333333333,6.072883333333333,0.0
51,8,2.104516666666667,2.104516666666667,0.0
51,9,8.351383333333333,8.351383333333333,0.0
51,10,1.195833333333333,1.195833333333333,0.0
51,11,4.285733333333333,4.320783333333333,0.035050000000000005
51,12,2.894766666666666,2.894766666666666,0.0
65,1,3.81105,3.81105,0.0
65,2,0.8638499999999999,0.8638499999999999,0.0
65,3,7.851066666666668,7.851066666666668,0.0
65,4,1.5805666666666667,1.5805666666666667,0.0
65,5,3.2581666666666664,3.2581666666666664,0.0
65,6,3.9716333333333336,3.9716333333333336,0.0
65,7,5.178633333333333,5.2296,0.05096666666666667
65,8,2.697166666666667,2.697166666666667,0.0
65,9,4.8252,4.8252,0.0
65,10,4.1619,4.1619,0.0
65,11,4.97905,4.97905,0.0
65,12,1.6004499999999997,1.6004499999999997,0.0
37,1,3.9704666666666664,4.132033333333333,0.1615666666666667
37,2,4.956616666666666,5.4219833333333325,0.4653666666666666
37,3,2.5931333333333333,4.373616666666667,1.7804833333333332
37,4,6.459616666666667,7.530166666666667,1.0705500000000001
37,5,4.755233333333333,4.835166666666666,0.07993333333333334
37,6,6.197783333333334,7.743650000000001,1.5458666666666667
37,7,4.050866666666667,4.275633333333333,0.22476666666666667
37,8,7.757633333333334,9.333016666666667,1.5753833333333334
37,9,4.266833333333334,4.463650000000001,0.19681666666666667
37,10,6.939716666666667,8.305000000000001,1.3652833333333334
37,11,4.570383333333333,4.830633333333333,0.26025
37,12,7.06845,7.86055,0.7921
73,1,2.5815166666666665,2.5815166666666665,0.0
73,2,2.4435833333333337,2.4435833333333337,0.0
73,3,1.6967999999999996,2.266833333333333,0.5700333333333333
73,4,2.280016666666666,2.280016666666666,0.0
73,5,2.434383333333333,2.434383333333333,0.0
73,6,2.0824166666666666,2.0824166666666666,0.0
73,7,1.9457499999999996,1.9457499999999996,0.0
73,8,4.6755166666666685,5.010716666666669,0.33520000000000005
73,9,2.5673833333333334,2.5673833333333334,0.0
73,10,3.2537499999999993,3.2537499999999993,0.0
73,11,1.2099166666666668,1.2099166666666668,0.0
73,12,2.2572166666666664,2.2572166666666664,0.0
67,1,2.6064499999999997,2.6064499999999997,0.0
67,2,2.6286000000000005,2.6286000000000005,0.0
67,3,4.08305,4.08305,0.0
67,4,4.963033333333334,4.963033333333334,0.0
67,5,3.697083333333332,3.697083333333332,0.0
67,6,2.7161,2.7161,0.0
67,7,2.2194000000000003,2.2194000000000003,0.0
67,8,2.3391333333333333,2.3391333333333333,0.0
67,9,2.53505,2.53505,0.0
67,10,2.777000000000001,2.777000000000001,0.0
67,11,5.518400000000001,5.750466666666667,0.23206666666666667
67,12,2.1714333333333333,2.1714333333333333,0.0
63,1,2.5532500000000002,2.5532500000000002,0.0
63,2,2.4864,2.4864,0.0
63,3,2.320566666666667,2.320566666666667,0.0
63,4,4.6427,4.6427,0.0
63,5,4.793499999999999,5.049666666666665,0.25616666666666665
63,6,2.6777666666666664,2.6777666666666664,0.0
63,7,3.1508999999999996,3.1508999999999996,0.0
63,8,2.6294,2.6294,0.0
63,9,2.87295,2.87295,0.0
63,10,1.7149166666666666,1.7149166666666666,0.0
63,11,3.9143999999999997,3.9143999999999997,0.0
63,12,4.023216666666667,4.106733333333334,0.08351666666666667
68,1,5.304633333333333,5.304633333333333,0.0
68,2,5.563783333333333,5.563783333333333,0.0
68,3,6.185633333333334,6.185633333333334,0.0
68,4,5.553350000000001,5.553350000000001,0.0
68,5,5.824199999999999,5.8970666666666665,0.07286666666666666
68,6,4.9321166666666665,4.9321166666666665,0.0
68,7,4.879733333333333,4.879733333333333,0.0
68,8,9.10838333333333,9.10838333333333,0.0
68,9,8.648816666666665,8.648816666666665,0.0
68,10,5.906166666666666,5.906166666666666,0.0
68,11,6.2797,6.2797,0.0
68,12,6.958683333333334,6.958683333333334,0.0
76,1,1.4714,1.4714,0.0
76,2,0.5081333333333332,0.5081333333333332,0.0
76,3,1.6313666666666669,1.6313666666666669,0.0
76,4,0.3565333333333333,0.3565333333333333,0.0
76,5,1.949116666666667,1.949116666666667,0.0
76,6,1.8963666666666663,1.8963666666666663,0.0
76,7,4.185383333333333,4.185383333333333,0.0
76,8,1.3810666666666664,1.3810666666666664,0.0
76,9,1.0467,1.0467,0.0
76,10,6.573883333333335,6.573883333333335,0.0
76,11,1.28965,1.28965,0.0
76,12,1.3648499999999997,1.3648499999999997,0.0
75,1,5.447350000000001,5.447350000000001,0.0
75,2,4.949133333333332,4.949133333333332,0.0
75,3,5.880433333333334,5.880433333333334,0.0
75,4,5.726533333333333,5.726533333333333,0.0
75,5,4.611416666666666,4.611416666666666,0.0
75,6,7.578433333333333,7.578433333333333,0.0
75,7,5.9158333333333335,5.975466666666667,0.05963333333333333
75,8,6.818983333333333,6.818983333333333,0.0
75,9,8.722616666666669,8.722616666666669,0.0
75,10,6.104416666666666,6.104416666666666,0.0
75,11,9.743100000000002,9.743100000000002,0.0
75,12,5.6782666666666675,5.6782666666666675,0.0
3,1,6.121266666666667,6.121266666666667,0.0
3,2,5.233483333333333,5.233483333333333,0.0
3,3,3.802416666666667,3.802416666666667,0.0
3,4,2.8083666666666667,2.8083666666666667,0.0
3,5,11.201999999999996,11.201999999999996,0.0
3,6,4.031983333333334,4.031983333333334,0.0
3,7,4.141633333333332,4.141633333333332,0.0
3,8,2.779266666666666,2.899733333333333,0.12046666666666667
3,9,4.51895,4.51895,0.0
3,10,5.1191,5.1191,0.0
3,11,3.730133333333333,3.730133333333333,0.0
3,12,5.2768,5.2768,0.0
74,1,6.028666666666666,6.028666666666666,0.0
74,2,8.136833333333334,8.136833333333334,0.0
74,3,6.861133333333333,6.861133333333333,0.0
74,4,4.697766666666666,4.697766666666666,0.0
74,5,2.98745,2.98745,0.0
74,6,4.105149999999999,4.105149999999999,0.0
74,7,6.6188166666666675,6.6188166666666675,0.0
74,8,8.478666666666667,8.478666666666667,0.0
74,9,6.471333333333335,6.471333333333335,0.0
74,10,7.195316666666666,7.195316666666666,0.0
74,11,6.1882166666666665,6.1882166666666665,0.0
74,12,7.661499999999999,7.661499999999999,0.0
77,1,5.194616666666663,5.194616666666663,0.0
77,2,4.852433333333333,4.852433333333333,0.0
77,3,2.28595,2.28595,0.0
77,4,1.54055,1.54055,0.0
77,5,3.262133333333333,3.262133333333333,0.0
77,6,2.6175333333333333,2.6175333333333333,0.0
77,7,4.376216666666665,4.376216666666665,0.0
77,8,8.768033333333332,8.768033333333332,0.0
77,9,4.197333333333334,4.197333333333334,0.0
77,10,3.6167,3.6167,0.0
77,11,4.271166666666668,4.399500000000001,0.12833333333333333
77,12,5.175283333333333,5.175283333333333,0.0
82,1,3.7131999999999996,3.7131999999999996,0.0
82,2,6.080066666666666,6.080066666666666,0.0
82,3,4.593916666666667,4.593916666666667,0.0
82,4,5.216299999999999,5.216299999999999,0.0
82,5,3.4292833333333332,3.4292833333333332,0.0
82,6,4.908733333333332,4.908733333333332,0.0
82,7,5.958066666666666,5.958066666666666,0.0
82,8,4.899116666666667,4.899116666666667,0.0
82,9,4.32545,4.32545,0.0
82,10,4.013450000000001,4.013450000000001,0.0
82,11,5.195016666666667,5.195016666666667,0.0
82,12,3.9399,3.9399,0.0
81,1,10.850466666666668,10.850466666666668,0.0
81,2,2.737483333333333,2.737483333333333,0.0
81,3,3.1973666666666665,3.1973666666666665,0.0
81,4,2.401316666666667,2.401316666666667,0.0
81,5,9.310533333333334,9.310533333333334,0.0
81,6,3.192816666666667,3.192816666666667,0.0
81,7,4.1658333333333335,4.1658333333333335,0.0
81,8,13.947250000000002,13.947250000000002,0.0
81,9,13.90375,13.90375,0.0
81,10,3.275433333333333,3.275433333333333,0.0
81,11,10.329916666666664,10.329916666666664,0.0
81,12,14.192766666666667,14.252783333333333,0.06001666666666667
84,1,0.19858333333333333,0.19858333333333333,0.0
84,2,0.18741666666666668,0.18741666666666668,0.0
84,3,0.11751666666666666,0.11751666666666666,0.0
84,4,0.36828333333333335,0.36828333333333335,0.0
84,5,0.40805,0.46921666666666667,0.06116666666666667
84,6,0.5890333333333333,0.5890333333333333,0.0
84,7,0.09696666666666666,0.18001666666666666,0.08305
84,8,0.11274999999999999,0.11274999999999999,0.0
84,9,0.23581666666666667,0.23581666666666667,0.0
84,10,0.07718333333333333,0.07718333333333333,0.0
84,11,0.14266666666666666,0.14266666666666666,0.0
84,12,0.07985,0.21846666666666667,0.13861666666666667
80,1,7.2130833333333335,7.2130833333333335,0.0
80,2,12.377533333333336,12.377533333333336,0.0
80,3,8.215366666666666,8.215366666666666,0.0
80,4,6.25785,6.25785,0.0
80,5,7.986566666666665,7.986566666666665,0.0
80,6,5.9157166666666665,5.9157166666666665,0.0
80,7,10.119883333333334,10.247983333333334,0.1281
80,8,8.289599999999997,8.289599999999997,0.0
80,9,9.012616666666666,9.012616666666666,0.0
80,10,10.511283333333333,10.53735,0.02606666666666667
80,11,11.334366666666662,11.334366666666662,0.0
80,12,13.102999999999998,13.102999999999998,0.0
83,1,3.711383333333333,3.711383333333333,0.0
83,2,4.818550000000001,4.818550000000001,0.0
83,3,3.834183333333333,3.834183333333333,0.0
83,4,2.835750000000001,2.835750000000001,0.0
83,5,3.728083333333333,3.728083333333333,0.0
83,6,2.6303333333333336,2.6303333333333336,0.0
83,7,3.053750000000001,3.053750000000001,0.0
83,8,4.650183333333334,4.7095,0.05931666666666667
83,9,2.9434666666666667,2.9434666666666667,0.0
83,10,3.3892666666666664,3.3892666666666664,0.0
83,11,7.2766,7.2766,0.0
83,12,3.592983333333333,3.592983333333333,0.0
85,1,1.7093666666666665,1.7093666666666665,0.0
85,2,2.773833333333333,2.9187,0.14486666666666667
85,3,4.630933333333334,4.630933333333334,0.0
85,4,2.5436833333333335,2.5436833333333335,0.0
85,5,2.631966666666667,2.631966666666667,0.0
85,6,1.8200333333333334,1.8200333333333334,0.0
85,7,6.1809,6.1809,0.0
85,8,5.7975,5.7975,0.0
85,9,3.9793333333333334,3.9793333333333334,0.0
85,10,1.3478833333333333,1.3478833333333333,0.0
85,11,6.070583333333333,6.070583333333333,0.0
85,12,6.893466666666667,6.893466666666667,0.0
79,1,3.621116666666667,3.621116666666667,0.0
79,2,13.760633333333335,13.760633333333335,0.0
79,3,3.7036499999999997,3.7036499999999997,0.0
79,4,5.4633666666666665,5.4633666666666665,0.0
79,5,5.824000000000002,5.922833333333335,0.09883333333333333
79,6,5.818783333333334,5.818783333333334,0.0
79,7,7.356483333333333,7.356483333333333,0.0
79,8,7.8094333333333354,7.8094333333333354,0.0
79,9,6.237883333333333,6.237883333333333,0.0
79,10,6.900133333333335,6.900133333333335,0.0
79,11,4.457916666666666,4.457916666666666,0.0
79,12,13.434566666666665,13.434566666666665,0.0
58,1,2.93345,2.93345,0.0
58,2,6.865433333333335,6.865433333333335,0.0
58,3,3.6014,3.6014,0.0
58,4,1.3299333333333332,1.3299333333333332,0.0
58,5,6.785200000000001,6.785200000000001,0.0
58,6,1.7927666666666668,1.7927666666666668,0.0
58,7,2.9133000000000004,2.9133000000000004,0.0
58,8,2.377883333333333,2.377883333333333,0.0
58,9,4.19325,4.19325,0.0
58,10,2.4676833333333335,2.4676833333333335,0.0
58,11,1.9577833333333334,1.9577833333333334,0.0
58,12,2.547466666666667,2.547466666666667,0.0
