id,user_id,applicant_id,rating,add_timestamp,page,timestamp
13,2,9,80,9/7/23 4:57,rating,1694062657
14,2,8,50,9/7/23 4:58,rating,1694062712
15,2,9,85,9/7/23 4:58,rating,1694062726
16,2,4,40,9/7/23 4:59,rating,1694062775
17,2,5,95,9/7/23 5:00,rating,1694062849
18,2,12,34,9/7/23 5:01,rating,1694062894
19,2,10,38,9/7/23 5:02,rating,1694062922
20,2,1,88,9/7/23 5:02,rating,1694062978
21,2,1,86,9/7/23 5:03,rating,1694062999
22,2,11,81,9/7/23 5:03,rating,1694063028
23,2,11,84,9/7/23 5:03,rating,1694063031
24,2,7,75,9/7/23 5:04,rating,1694063063
25,2,2,44,9/7/23 5:04,rating,1694063085
26,2,2,43,9/7/23 5:05,rating,1694063101
27,2,2,35,9/7/23 5:05,rating,1694063107
28,2,6,29,9/7/23 5:05,rating,1694063126
29,2,6,26,9/7/23 5:05,rating,1694063132
30,2,3,72,9/7/23 5:05,rating,1694063154
31,2,9,86,9/7/23 5:07,rating,1694063254
32,2,12,35,9/7/23 5:09,rating,1694063345
54,5,5,90,9/7/23 5:33,rating,1694064783
62,6,5,96,9/7/23 5:34,rating,1694064865
63,6,5,95,9/7/23 5:34,rating,1694064868
65,5,4,38,9/7/23 5:35,rating,1694064944
73,6,2,70,9/7/23 5:38,rating,1694065103
74,6,2,60,9/7/23 5:38,rating,1694065106
75,5,11,68,9/7/23 5:38,rating,1694065121
76,7,4,70,9/7/23 5:39,rating,1694065182
77,7,4,83,9/7/23 5:39,rating,1694065190
82,5,1,90,9/7/23 5:41,rating,1694065317
88,9,7,48,9/7/23 5:44,rating,1694065446
89,6,8,45,9/7/23 5:44,rating,1694065448
90,9,7,1,9/7/23 5:44,rating,1694065452
91,11,12,62,9/7/23 5:44,rating,1694065463
92,7,2,90,9/7/23 5:44,rating,1694065492
93,11,12,60,9/7/23 5:44,rating,1694065499
94,11,12,41,9/7/23 5:45,rating,1694065501
95,10,2,50,9/7/23 5:45,rating,1694065504
96,5,2,59,9/7/23 5:45,rating,1694065546
97,5,2,67,9/7/23 5:45,rating,1694065549
98,10,6,38,9/7/23 5:46,rating,1694065593
99,6,12,57,9/7/23 5:46,rating,1694065608
100,6,12,80,9/7/23 5:46,rating,1694065612
101,11,2,67,9/7/23 5:46,rating,1694065618
102,11,5,60,9/7/23 5:47,rating,1694065641
103,11,5,100,9/7/23 5:47,rating,1694065643
104,11,7,61,9/7/23 5:47,rating,1694065651
105,10,10,90,9/7/23 5:47,rating,1694065659
106,11,7,100,9/7/23 5:47,rating,1694065663
107,11,7,89,9/7/23 5:47,rating,1694065665
108,11,10,27,9/7/23 5:47,rating,1694065674
109,11,9,1,9/7/23 5:48,rating,1694065680
110,11,9,91,9/7/23 5:48,rating,1694065681
111,11,8,67,9/7/23 5:48,rating,1694065700
112,11,6,59,9/7/23 5:48,rating,1694065715
113,10,11,100,9/7/23 5:48,rating,1694065722
114,11,1,63,9/7/23 5:48,rating,1694065722
115,11,1,98,9/7/23 5:48,rating,1694065724
116,7,10,82,9/7/23 5:48,rating,1694065739
117,11,11,100,9/7/23 5:49,rating,1694065748
118,11,4,55,9/7/23 5:49,rating,1694065755
119,11,3,43,9/7/23 5:49,rating,1694065760
120,11,3,100,9/7/23 5:49,rating,1694065762
121,11,3,98,9/7/23 5:49,rating,1694065763
122,11,3,88,9/7/23 5:49,rating,1694065764
123,10,5,99,9/7/23 5:49,rating,1694065793
124,5,7,91,9/7/23 5:50,rating,1694065858
125,10,4,61,9/7/23 5:51,rating,1694065864
126,6,7,72,9/7/23 5:51,rating,1694065887
127,9,7,75,9/7/23 5:51,rating,1694065888
128,6,7,90,9/7/23 5:51,rating,1694065892
129,9,7,81,9/7/23 5:51,rating,1694065908
130,9,7,82,9/7/23 5:51,rating,1694065912
131,10,8,42,9/7/23 5:52,rating,1694065931
132,9,7,84,9/7/23 5:52,rating,1694065957
133,9,7,82,9/7/23 5:52,rating,1694065963
134,10,9,91,9/7/23 5:53,rating,1694065989
135,6,6,46,9/7/23 5:53,rating,1694066017
136,6,6,40,9/7/23 5:53,rating,1694066019
137,13,5,79,9/7/23 5:53,rating,1694066027
138,7,5,96,9/7/23 5:53,rating,1694066027
139,10,1,90,9/7/23 5:53,rating,1694066031
140,13,5,60,9/7/23 5:54,rating,1694066070
141,10,7,86,9/7/23 5:54,rating,1694066080
142,13,5,77,9/7/23 5:55,rating,1694066131
143,15,11,97,9/7/23 5:55,rating,1694066150
144,10,12,54,9/7/23 5:56,rating,1694066162
145,12,9,68,9/7/23 5:56,rating,1694066198
146,9,6,72,9/7/23 5:56,rating,1694066212
147,10,3,90,9/7/23 5:57,rating,1694066220
148,7,8,67,9/7/23 5:57,rating,1694066246
149,15,9,68,9/7/23 5:57,rating,1694066269
150,15,9,77,9/7/23 5:57,rating,1694066269
151,15,9,85,9/7/23 5:57,rating,1694066270
152,15,9,83,9/7/23 5:57,rating,1694066271
153,5,10,54,9/7/23 5:57,rating,1694066276
154,13,4,48,9/7/23 5:57,rating,1694066278
155,13,4,55,9/7/23 5:58,rating,1694066281
156,13,9,52,9/7/23 5:58,rating,1694066291
157,13,9,61,9/7/23 5:58,rating,1694066295
158,13,10,44,9/7/23 5:59,rating,1694066340
159,13,10,50,9/7/23 5:59,rating,1694066342
160,9,8,87,9/7/23 6:00,rating,1694066406
161,7,12,65,9/7/23 6:00,rating,1694066413
162,14,11,97,9/7/23 6:00,rating,1694066424
163,14,11,99,9/7/23 6:00,rating,1694066427
164,14,11,100,9/7/23 6:00,rating,1694066428
165,13,7,82,9/7/23 6:00,rating,1694066434
166,18,5,74,9/7/23 6:00,rating,1694066451
167,9,9,93,9/7/23 6:00,rating,1694066453
168,6,1,88,9/7/23 6:01,rating,1694066505
169,6,1,98,9/7/23 6:01,rating,1694066512
170,13,11,98,9/7/23 6:02,rating,1694066529
171,12,9,79,9/7/23 6:02,rating,1694066537
172,13,11,100,9/7/23 6:02,rating,1694066550
173,18,5,92,9/7/23 6:02,rating,1694066570
174,18,5,88,9/7/23 6:02,rating,1694066572
175,18,5,91,9/7/23 6:02,rating,1694066573
176,18,5,89,9/7/23 6:02,rating,1694066574
177,18,5,91,9/7/23 6:02,rating,1694066575
178,18,5,90,9/7/23 6:02,rating,1694066576
179,20,1,34,9/7/23 6:03,rating,1694066591
180,20,1,52,9/7/23 6:03,rating,1694066597
181,20,1,56,9/7/23 6:03,rating,1694066597
182,18,8,62,9/7/23 6:03,rating,1694066600
183,7,6,64,9/7/23 6:03,rating,1694066611
184,9,9,89,9/7/23 6:04,rating,1694066663
185,16,4,65,9/7/23 6:05,rating,1694066718
187,20,11,64,9/7/23 6:05,rating,1694066746
188,20,11,35,9/7/23 6:05,rating,1694066747
189,20,11,79,9/7/23 6:05,rating,1694066755
190,13,12,26,9/7/23 6:06,rating,1694066791
191,7,1,96,9/7/23 6:06,rating,1694066806
192,17,4,83,9/7/23 6:07,rating,1694066838
193,9,5,92,9/7/23 6:07,rating,1694066840
194,17,4,80,9/7/23 6:07,rating,1694066844
195,9,5,91,9/7/23 6:07,rating,1694066851
196,20,9,29,9/7/23 6:07,rating,1694066864
197,18,10,54,9/7/23 6:08,rating,1694066889
198,18,10,62,9/7/23 6:08,rating,1694066890
199,18,10,68,9/7/23 6:08,rating,1694066891
200,18,10,73,9/7/23 6:08,rating,1694066891
201,18,10,69,9/7/23 6:08,rating,1694066892
202,5,6,44,9/7/23 6:08,rating,1694066895
203,13,1,62,9/7/23 6:08,rating,1694066898
204,23,7,16,9/7/23 6:08,rating,1694066921
205,13,2,47,9/7/23 6:08,rating,1694066922
206,20,12,17,9/7/23 6:08,rating,1694066931
207,20,12,26,9/7/23 6:08,rating,1694066932
208,12,7,65,9/7/23 6:08,rating,1694066935
209,23,7,1,9/7/23 6:09,rating,1694066941
210,20,7,27,9/7/23 6:09,rating,1694066955
211,18,12,81,9/7/23 6:09,rating,1694066962
212,14,1,97,9/7/23 6:09,rating,1694066968
213,22,7,80,9/7/23 6:10,rating,1694067003
214,14,5,89,9/7/23 6:10,rating,1694067020
215,20,8,31,9/7/23 6:10,rating,1694067029
216,20,8,42,9/7/23 6:10,rating,1694067030
217,9,11,93,9/7/23 6:10,rating,1694067039
218,14,5,96,9/7/23 6:10,rating,1694067041
219,14,5,94,9/7/23 6:10,rating,1694067043
220,18,6,36,9/7/23 6:10,rating,1694067048
221,14,7,85,9/7/23 6:11,rating,1694067062
222,18,7,75,9/7/23 6:11,rating,1694067069
223,14,3,86,9/7/23 6:11,rating,1694067073
224,14,3,88,9/7/23 6:11,rating,1694067075
225,20,5,53,9/7/23 6:11,rating,1694067085
226,17,7,94,9/7/23 6:11,rating,1694067093
227,16,10,65,9/7/23 6:11,rating,1694067093
228,15,7,82,9/7/23 6:11,rating,1694067094
229,15,7,84,9/7/23 6:11,rating,1694067095
230,23,7,92,9/7/23 6:11,rating,1694067096
231,23,7,85,9/7/23 6:11,rating,1694067101
232,23,7,90,9/7/23 6:11,rating,1694067103
233,13,8,49,9/7/23 6:11,rating,1694067105
234,13,8,55,9/7/23 6:11,rating,1694067108
235,7,9,66,9/7/23 6:11,rating,1694067108
236,27,5,90,9/7/23 6:12,rating,1694067133
237,25,2,60,9/7/23 6:12,rating,1694067134
238,9,12,49,9/7/23 6:12,rating,1694067136
239,9,12,61,9/7/23 6:12,rating,1694067142
240,12,10,54,9/7/23 6:12,rating,1694067148
241,25,2,71,9/7/23 6:12,rating,1694067159
242,12,10,62,9/7/23 6:12,rating,1694067160
243,18,1,79,9/7/23 6:12,rating,1694067166
244,20,10,19,9/7/23 6:13,rating,1694067188
245,5,8,44,9/7/23 6:13,rating,1694067206
246,13,6,41,9/7/23 6:13,rating,1694067212
247,9,4,62,9/7/23 6:13,rating,1694067218
248,18,9,92,9/7/23 6:13,rating,1694067218
249,9,4,65,9/7/23 6:13,rating,1694067220
250,5,8,43,9/7/23 6:13,rating,1694067224
251,20,4,43,9/7/23 6:13,rating,1694067230
252,20,4,21,9/7/23 6:13,rating,1694067232
253,28,6,93,9/7/23 6:14,rating,1694067240
254,28,6,98,9/7/23 6:14,rating,1694067241
255,8,2,50,9/7/23 6:14,rating,1694067256
256,5,8,32,9/7/23 6:14,rating,1694067257
257,5,8,38,9/7/23 6:14,rating,1694067259
258,20,6,19,9/7/23 6:14,rating,1694067265
259,26,11,85,9/7/23 6:14,rating,1694067281
260,18,4,24,9/7/23 6:14,rating,1694067282
261,7,7,85,9/7/23 6:14,rating,1694067294
262,29,9,59,9/7/23 6:14,rating,1694067296
263,29,9,100,9/7/23 6:14,rating,1694067297
264,20,2,19,9/7/23 6:14,rating,1694067299
265,29,9,89,9/7/23 6:15,rating,1694067316
266,25,5,86,9/7/23 6:15,rating,1694067318
267,25,5,97,9/7/23 6:15,rating,1694067321
268,15,10,63,9/7/23 6:15,rating,1694067322
269,15,10,58,9/7/23 6:15,rating,1694067322
270,15,10,63,9/7/23 6:15,rating,1694067324
271,18,2,81,9/7/23 6:15,rating,1694067339
272,27,5,19,9/7/23 6:15,rating,1694067342
273,27,5,90,9/7/23 6:15,rating,1694067343
274,20,3,21,9/7/23 6:15,rating,1694067345
275,20,3,53,9/7/23 6:15,rating,1694067349
276,30,6,32,9/7/23 6:15,rating,1694067350
277,18,11,53,9/7/23 6:16,rating,1694067373
278,13,3,66,9/7/23 6:16,rating,1694067378
279,13,3,82,9/7/23 6:16,rating,1694067380
280,13,3,87,9/7/23 6:16,rating,1694067385
281,17,8,74,9/7/23 6:16,rating,1694067391
282,14,4,8,9/7/23 6:16,rating,1694067405
283,23,9,95,9/7/23 6:16,rating,1694067406
284,16,7,84,9/7/23 6:16,rating,1694067415
285,16,7,85,9/7/23 6:16,rating,1694067418
286,9,1,75,9/7/23 6:17,rating,1694067443
287,32,12,98,9/7/23 6:17,rating,1694067444
288,26,2,50,9/7/23 6:17,rating,1694067445
289,32,12,13,9/7/23 6:17,rating,1694067446
290,32,12,1,9/7/23 6:17,rating,1694067447
291,25,5,100,9/7/23 6:17,rating,1694067457
292,28,5,62,9/7/23 6:18,rating,1694067493
293,28,5,91,9/7/23 6:18,rating,1694067500
295,7,11,1,9/7/23 6:18,rating,1694067508
296,7,11,88,9/7/23 6:18,rating,1694067510
297,7,11,92,9/7/23 6:18,rating,1694067518
298,23,12,60,9/7/23 6:18,rating,1694067519
299,15,2,65,9/7/23 6:18,rating,1694067524
300,17,1,100,9/7/23 6:18,rating,1694067535
301,9,10,59,9/7/23 6:19,rating,1694067545
302,14,11,41,9/7/23 6:19,rating,1694067559
303,32,12,92,9/7/23 6:19,rating,1694067560
304,14,11,50,9/7/23 6:19,rating,1694067560
305,14,11,66,9/7/23 6:19,rating,1694067562
306,32,12,11,9/7/23 6:19,rating,1694067562
307,32,12,88,9/7/23 6:19,rating,1694067573
308,32,12,4,9/7/23 6:19,rating,1694067575
309,32,12,97,9/7/23 6:19,rating,1694067580
310,18,3,29,9/7/23 6:20,rating,1694067609
312,23,1,96,9/7/23 6:20,rating,1694067615
313,8,4,1,9/7/23 6:20,rating,1694067641
314,9,2,47,9/7/23 6:20,rating,1694067642
315,8,4,25,9/7/23 6:20,rating,1694067644
316,8,4,40,9/7/23 6:20,rating,1694067645
317,8,4,49,9/7/23 6:20,rating,1694067646
318,8,4,50,9/7/23 6:20,rating,1694067648
319,22,2,40,9/7/23 6:20,rating,1694067654
320,6,4,64,9/7/23 6:21,rating,1694067664
321,25,4,56,9/7/23 6:21,rating,1694067665
322,6,4,75,9/7/23 6:21,rating,1694067667
323,25,2,63,9/7/23 6:21,rating,1694067671
325,7,3,88,9/7/23 6:21,rating,1694067680
326,14,9,80,9/7/23 6:21,rating,1694067682
327,14,9,90,9/7/23 6:21,rating,1694067683
328,26,10,60,9/7/23 6:21,rating,1694067683
329,26,10,55,9/7/23 6:21,rating,1694067693
330,23,4,55,9/7/23 6:21,rating,1694067710
333,16,11,95,9/7/23 6:22,rating,1694067721
334,14,10,13,9/7/23 6:22,rating,1694067723
335,32,12,66,9/7/23 6:22,rating,1694067741
336,32,12,89,9/7/23 6:22,rating,1694067743
337,32,12,80,9/7/23 6:22,rating,1694067747
338,9,3,78,9/7/23 6:22,rating,1694067751
339,12,12,57,9/7/23 6:22,rating,1694067761
340,8,11,100,9/7/23 6:23,rating,1694067785
341,5,12,56,9/7/23 6:23,rating,1694067787
342,5,12,67,9/7/23 6:23,rating,1694067790
343,6,9,93,9/7/23 6:23,rating,1694067800
344,6,9,99,9/7/23 6:23,rating,1694067803
345,14,8,93,9/7/23 6:23,rating,1694067807
346,34,12,40,9/7/23 6:23,rating,1694067808
348,30,12,1,9/7/23 6:23,rating,1694067815
351,30,12,30,9/7/23 6:23,rating,1694067819
353,15,5,85,9/7/23 6:23,rating,1694067824
354,15,5,94,9/7/23 6:23,rating,1694067824
355,15,5,95,9/7/23 6:23,rating,1694067825
356,23,2,55,9/7/23 6:23,rating,1694067830
357,29,4,84,9/7/23 6:23,rating,1694067832
358,26,5,85,9/7/23 6:23,rating,1694067833
359,29,4,99,9/7/23 6:24,rating,1694067847
360,7,8,68,9/7/23 6:24,summary,1694067852
361,30,12,35,9/7/23 6:24,rating,1694067856
364,17,2,81,9/7/23 6:24,rating,1694067860
365,30,12,33,9/7/23 6:24,rating,1694067863
366,25,9,90,9/7/23 6:24,rating,1694067866
367,29,4,100,9/7/23 6:24,rating,1694067872
368,29,4,92,9/7/23 6:24,rating,1694067872
369,29,4,100,9/7/23 6:24,rating,1694067873
370,29,4,50,9/7/23 6:24,rating,1694067877
371,29,4,100,9/7/23 6:24,rating,1694067881
372,22,6,58,9/7/23 6:24,rating,1694067888
373,30,12,30,9/7/23 6:24,rating,1694067895
375,14,12,65,9/7/23 6:25,rating,1694067912
376,14,12,79,9/7/23 6:25,rating,1694067913
377,14,12,11,9/7/23 6:25,rating,1694067920
378,14,12,4,9/7/23 6:25,rating,1694067921
379,26,12,45,9/7/23 6:25,rating,1694067932
380,30,12,25,9/7/23 6:25,rating,1694067938
381,40,8,75,9/7/23 6:25,rating,1694067939
382,23,8,70,9/7/23 6:25,rating,1694067944
383,32,9,68,9/7/23 6:26,rating,1694067969
385,32,9,93,9/7/23 6:26,rating,1694067973
386,32,9,84,9/7/23 6:26,rating,1694067977
388,32,9,89,9/7/23 6:26,rating,1694067988
389,32,9,90,9/7/23 6:26,rating,1694067990
390,14,6,10,9/7/23 6:26,rating,1694067994
391,16,6,65,9/7/23 6:26,rating,1694067999
392,6,11,92,9/7/23 6:26,rating,1694068001
393,6,11,95,9/7/23 6:26,rating,1694068003
394,40,5,100,9/7/23 6:26,rating,1694068009
395,16,4,70,9/7/23 6:26,rating,1694068011
396,23,10,75,9/7/23 6:26,rating,1694068014
397,29,1,100,9/7/23 6:26,rating,1694068017
398,16,10,70,9/7/23 6:26,rating,1694068019
399,26,4,55,9/7/23 6:27,rating,1694068020
400,17,11,100,9/7/23 6:27,rating,1694068027
401,12,6,54,9/7/23 6:27,rating,1694068032
402,14,2,17,9/7/23 6:27,rating,1694068035
403,14,2,9,9/7/23 6:27,rating,1694068037
404,40,8,65,9/7/23 6:27,rating,1694068039
405,14,2,18,9/7/23 6:27,rating,1694068041
406,12,6,56,9/7/23 6:27,rating,1694068042
407,40,8,70,9/7/23 6:27,rating,1694068044
408,26,1,80,9/7/23 6:28,rating,1694068093
409,25,11,94,9/7/23 6:28,rating,1694068099
410,21,10,18,9/7/23 6:28,rating,1694068100
411,14,7,91,9/7/23 6:28,rating,1694068101
412,14,7,94,9/7/23 6:28,rating,1694068103
413,40,11,100,9/7/23 6:28,rating,1694068106
415,6,10,56,9/7/23 6:28,rating,1694068112
416,23,11,95,9/7/23 6:28,rating,1694068113
417,6,10,50,9/7/23 6:28,rating,1694068114
418,32,11,99,9/7/23 6:28,rating,1694068126
419,32,11,100,9/7/23 6:28,rating,1694068132
420,14,3,95,9/7/23 6:28,rating,1694068135
421,15,6,42,9/7/23 6:29,rating,1694068146
422,15,6,45,9/7/23 6:29,rating,1694068147
423,15,6,54,9/7/23 6:29,rating,1694068148
424,15,6,52,9/7/23 6:29,rating,1694068149
428,40,6,65,9/7/23 6:29,rating,1694068165
429,17,9,91,9/7/23 6:29,rating,1694068169
430,37,8,87,9/7/23 6:29,rating,1694068177
431,37,8,91,9/7/23 6:29,rating,1694068185
432,37,8,88,9/7/23 6:29,rating,1694068186
433,26,9,75,9/7/23 6:29,rating,1694068193
434,30,5,100,9/7/23 6:29,rating,1694068196
435,6,3,88,9/7/23 6:30,rating,1694068241
436,6,3,90,9/7/23 6:30,rating,1694068242
438,23,6,63,9/7/23 6:30,rating,1694068252
439,40,9,100,9/7/23 6:30,rating,1694068253
440,16,2,70,9/7/23 6:31,rating,1694068260
441,25,8,53,9/7/23 6:31,rating,1694068266
442,34,7,90,9/7/23 6:31,rating,1694068269
443,22,6,45,9/7/23 6:31,rating,1694068282
444,32,7,64,9/7/23 6:31,rating,1694068282
445,12,8,81,9/7/23 6:31,rating,1694068283
446,32,7,71,9/7/23 6:31,rating,1694068286
447,32,7,83,9/7/23 6:31,rating,1694068288
448,32,7,90,9/7/23 6:31,rating,1694068292
449,32,7,71,9/7/23 6:31,rating,1694068294
450,32,7,85,9/7/23 6:31,rating,1694068296
451,29,5,51,9/7/23 6:31,rating,1694068297
452,32,7,83,9/7/23 6:31,rating,1694068297
453,29,5,86,9/7/23 6:31,rating,1694068298
454,42,5,45,9/7/23 6:31,rating,1694068299
455,32,7,85,9/7/23 6:31,rating,1694068299
458,40,7,100,9/7/23 6:31,rating,1694068309
459,23,5,90,9/7/23 6:31,rating,1694068315
460,26,6,45,9/7/23 6:32,rating,1694068323
461,17,6,79,9/7/23 6:32,rating,1694068339
462,40,12,40,9/7/23 6:32,rating,1694068365
463,41,12,53,9/7/23 6:32,rating,1694068371
464,8,10,25,9/7/23 6:33,rating,1694068381
467,6,10,40,9/7/23 6:33,rating,1694068385
468,6,10,36,9/7/23 6:33,rating,1694068388
470,40,12,19,9/7/23 6:33,rating,1694068389
471,6,10,35,9/7/23 6:33,rating,1694068389
472,23,3,91,9/7/23 6:33,rating,1694068391
473,25,12,44,9/7/23 6:33,rating,1694068398
476,40,1,100,9/7/23 6:33,rating,1694068423
477,6,12,70,9/7/23 6:33,summary,1694068424
478,30,9,100,9/7/23 6:33,rating,1694068431
479,26,7,70,9/7/23 6:33,rating,1694068433
480,28,8,77,9/7/23 6:34,rating,1694068444
481,28,8,92,9/7/23 6:34,rating,1694068445
482,38,2,60,9/7/23 6:34,rating,1694068450
483,34,2,45,9/7/23 6:34,rating,1694068468
484,40,2,30,9/7/23 6:34,rating,1694068476
485,40,2,25,9/7/23 6:34,rating,1694068487
486,24,1,19,9/7/23 6:34,rating,1694068491
487,24,1,32,9/7/23 6:34,rating,1694068492
488,24,1,45,9/7/23 6:34,rating,1694068495
489,28,9,59,9/7/23 6:35,rating,1694068513
490,28,9,78,9/7/23 6:35,rating,1694068514
491,28,9,88,9/7/23 6:35,rating,1694068516
492,29,2,71,9/7/23 6:35,rating,1694068517
493,17,12,73,9/7/23 6:35,rating,1694068517
494,28,9,92,9/7/23 6:35,rating,1694068518
496,29,2,10,9/7/23 6:35,rating,1694068520
498,40,3,100,9/7/23 6:35,rating,1694068522
499,34,12,43,9/7/23 6:35,rating,1694068541
500,43,12,60,9/7/23 6:35,rating,1694068547
501,16,5,90,9/7/23 6:35,rating,1694068547
502,44,9,89,9/7/23 6:36,rating,1694068563
503,25,1,90,9/7/23 6:36,rating,1694068567
504,44,9,91,9/7/23 6:36,rating,1694068569
505,32,12,50,9/7/23 6:36,rating,1694068576
506,40,10,50,9/7/23 6:36,rating,1694068581
507,26,8,53,9/7/23 6:36,rating,1694068605
508,26,8,60,9/7/23 6:36,rating,1694068610
509,37,12,80,9/7/23 6:36,rating,1694068613
510,37,12,85,9/7/23 6:36,rating,1694068618
511,40,4,34,9/7/23 6:37,rating,1694068630
512,15,4,58,9/7/23 6:37,rating,1694068636
513,15,4,66,9/7/23 6:37,rating,1694068636
514,15,4,65,9/7/23 6:37,rating,1694068637
515,15,4,64,9/7/23 6:37,rating,1694068638
516,28,2,37,9/7/23 6:37,rating,1694068640
517,28,2,64,9/7/23 6:37,rating,1694068643
518,29,8,91,9/7/23 6:37,rating,1694068644
519,29,8,1,9/7/23 6:37,rating,1694068647
520,29,8,22,9/7/23 6:37,rating,1694068648
522,29,8,84,9/7/23 6:37,rating,1694068651
526,32,9,80,9/7/23 6:37,rating,1694068658
527,30,7,99,9/7/23 6:37,rating,1694068666
528,17,5,98,9/7/23 6:37,rating,1694068670
529,22,12,29,9/7/23 6:37,rating,1694068675
530,22,12,45,9/7/23 6:37,rating,1694068679
531,47,5,93,9/7/23 6:38,rating,1694068681
532,30,7,100,9/7/23 6:38,rating,1694068682
533,28,12,91,9/7/23 6:38,rating,1694068687
534,26,3,74,9/7/23 6:38,rating,1694068697
535,26,3,75,9/7/23 6:38,rating,1694068698
536,25,6,46,9/7/23 6:38,rating,1694068699
537,49,9,59,9/7/23 6:38,rating,1694068703
538,50,11,100,9/7/23 6:38,rating,1694068705
539,24,2,21,9/7/23 6:38,rating,1694068705
540,24,2,40,9/7/23 6:38,rating,1694068708
541,46,3,91,9/7/23 6:38,rating,1694068712
542,48,6,76,9/7/23 6:38,rating,1694068714
543,48,6,72,9/7/23 6:38,rating,1694068720
544,45,8,75,9/7/23 6:38,rating,1694068721
545,28,4,46,9/7/23 6:39,rating,1694068748
546,28,4,59,9/7/23 6:39,rating,1694068751
547,40,6,33,9/7/23 6:39,rating,1694068773
548,41,12,59,9/7/23 6:39,rating,1694068773
549,22,11,100,9/7/23 6:39,rating,1694068776
552,49,9,76,9/7/23 6:39,rating,1694068781
554,15,12,56,9/7/23 6:39,rating,1694068786
555,15,12,57,9/7/23 6:39,rating,1694068786
556,15,12,56,9/7/23 6:39,rating,1694068787
557,15,12,59,9/7/23 6:39,rating,1694068788
558,15,12,57,9/7/23 6:39,rating,1694068789
559,15,12,56,9/7/23 6:39,rating,1694068789
560,15,12,57,9/7/23 6:39,rating,1694068791
561,15,12,56,9/7/23 6:39,rating,1694068791
562,40,8,50,9/7/23 6:40,rating,1694068801
563,29,12,50,9/7/23 6:40,rating,1694068810
564,37,5,38,9/7/23 6:40,rating,1694068816
565,37,5,100,9/7/23 6:40,rating,1694068822
568,38,7,97,9/7/23 6:40,rating,1694068826
570,50,7,90,9/7/23 6:40,rating,1694068826
571,8,8,40,9/7/23 6:40,rating,1694068828
575,34,5,96,9/7/23 6:40,rating,1694068832
576,17,10,75,9/7/23 6:40,rating,1694068834
577,34,5,100,9/7/23 6:40,rating,1694068834
578,24,9,88,9/7/23 6:40,rating,1694068838
579,52,3,71,9/7/23 6:40,rating,1694068840
580,52,3,84,9/7/23 6:40,rating,1694068842
581,34,2,40,9/7/23 6:40,rating,1694068845
582,34,12,45,9/7/23 6:40,rating,1694068853
583,30,2,40,9/7/23 6:40,rating,1694068859
584,15,1,93,9/7/23 6:41,rating,1694068865
585,15,1,96,9/7/23 6:41,rating,1694068865
586,25,10,67,9/7/23 6:41,rating,1694068865
587,44,8,60,9/7/23 6:41,rating,1694068867
588,12,11,83,9/7/23 6:41,rating,1694068872
589,15,1,98,9/7/23 6:41,rating,1694068875
590,40,12,31,9/7/23 6:41,rating,1694068876
591,51,1,84,9/7/23 6:41,rating,1694068886
592,47,3,92,9/7/23 6:41,rating,1694068898
593,47,3,93,9/7/23 6:41,rating,1694068910
594,16,1,95,9/7/23 6:41,rating,1694068911
595,40,6,19,9/7/23 6:41,rating,1694068914
596,47,3,94,9/7/23 6:41,rating,1694068916
597,29,6,1,9/7/23 6:41,rating,1694068916
598,47,3,68,9/7/23 6:41,rating,1694068917
599,50,2,55,9/7/23 6:41,rating,1694068917
600,29,6,54,9/7/23 6:41,rating,1694068918
601,33,3,5,9/7/23 6:41,rating,1694068918
602,29,6,78,9/7/23 6:41,rating,1694068919
603,33,3,90,9/7/23 6:42,rating,1694068923
604,48,8,65,9/7/23 6:42,rating,1694068924
605,47,3,94,9/7/23 6:42,rating,1694068924
606,48,8,80,9/7/23 6:42,rating,1694068927
607,33,3,95,9/7/23 6:42,rating,1694068930
608,17,3,91,9/7/23 6:42,rating,1694068931
609,40,2,35,9/7/23 6:42,rating,1694068935
610,17,3,95,9/7/23 6:42,rating,1694068938
611,54,11,85,9/7/23 6:42,rating,1694068942
612,8,8,50,9/7/23 6:42,rating,1694068943
614,52,8,87,9/7/23 6:42,rating,1694068974
615,52,8,95,9/7/23 6:42,rating,1694068975
616,40,8,37,9/7/23 6:43,rating,1694068980
617,33,1,90,9/7/23 6:43,rating,1694068981
618,32,7,80,9/7/23 6:43,rating,1694068984
619,15,8,63,9/7/23 6:43,rating,1694068997
620,33,7,85,9/7/23 6:43,rating,1694069010
621,54,5,85,9/7/23 6:43,rating,1694069025
622,33,6,35,9/7/23 6:43,rating,1694069028
623,53,5,90,9/7/23 6:43,rating,1694069029
624,25,7,86,9/7/23 6:43,rating,1694069030
625,25,7,85,9/7/23 6:43,rating,1694069033
626,33,2,30,9/7/23 6:44,rating,1694069041
627,43,11,100,9/7/23 6:44,rating,1694069054
628,33,10,30,9/7/23 6:44,rating,1694069058
629,32,5,85,9/7/23 6:44,rating,1694069060
630,29,11,63,9/7/23 6:44,rating,1694069060
631,47,10,58,9/7/23 6:44,rating,1694069061
632,29,11,81,9/7/23 6:44,rating,1694069063
633,28,1,71,9/7/23 6:44,rating,1694069065
634,29,11,67,9/7/23 6:44,rating,1694069066
635,29,11,82,9/7/23 6:44,rating,1694069067
636,29,11,77,9/7/23 6:44,rating,1694069069
637,29,11,79,9/7/23 6:44,rating,1694069071
638,15,3,73,9/7/23 6:44,rating,1694069072
639,15,3,88,9/7/23 6:44,rating,1694069074
640,15,3,91,9/7/23 6:44,rating,1694069074
641,54,10,74,9/7/23 6:44,rating,1694069077
642,33,8,35,9/7/23 6:44,rating,1694069078
643,54,10,76,9/7/23 6:44,rating,1694069080
644,54,10,75,9/7/23 6:44,rating,1694069081
645,57,1,93,9/7/23 6:44,rating,1694069098
646,50,3,92,9/7/23 6:44,rating,1694069098
647,57,1,95,9/7/23 6:44,rating,1694069099
648,33,11,90,9/7/23 6:45,rating,1694069101
649,50,3,98,9/7/23 6:45,rating,1694069102
650,33,11,95,9/7/23 6:45,rating,1694069107
651,34,11,94,9/7/23 6:45,rating,1694069107
652,34,11,95,9/7/23 6:45,rating,1694069108
653,50,12,17,9/7/23 6:45,rating,1694069109
654,30,1,100,9/7/23 6:45,rating,1694069111
655,56,10,98,9/7/23 6:45,rating,1694069117
656,34,7,100,9/7/23 6:45,rating,1694069119
657,45,3,90,9/7/23 6:45,rating,1694069121
658,33,4,35,9/7/23 6:45,rating,1694069123
659,24,10,34,9/7/23 6:45,rating,1694069131
660,24,10,26,9/7/23 6:45,rating,1694069133
661,29,7,100,9/7/23 6:45,rating,1694069138
662,57,1,96,9/7/23 6:45,rating,1694069140
663,33,9,85,9/7/23 6:45,rating,1694069143
664,56,1,1,9/7/23 6:45,rating,1694069143
665,56,1,44,9/7/23 6:45,rating,1694069146
666,54,6,70,9/7/23 6:45,rating,1694069148
667,56,1,93,9/7/23 6:45,rating,1694069148
668,54,6,66,9/7/23 6:45,rating,1694069155
669,56,8,70,9/7/23 6:45,rating,1694069158
670,33,5,90,9/7/23 6:46,rating,1694069160
671,51,11,92,9/7/23 6:46,rating,1694069166
672,32,1,86,9/7/23 6:46,rating,1694069168
673,42,2,41,9/7/23 6:46,rating,1694069170
674,33,12,30,9/7/23 6:46,rating,1694069174
675,56,9,100,9/7/23 6:46,rating,1694069174
676,56,9,84,9/7/23 6:46,rating,1694069177
677,32,1,93,9/7/23 6:46,rating,1694069180
678,42,2,52,9/7/23 6:46,rating,1694069181
679,47,2,42,9/7/23 6:46,rating,1694069182
680,38,11,100,9/7/23 6:46,rating,1694069182
681,32,1,96,9/7/23 6:46,rating,1694069184
682,56,5,66,9/7/23 6:46,rating,1694069186
683,42,10,50,9/7/23 6:46,rating,1694069189
684,52,9,27,9/7/23 6:46,rating,1694069190
685,46,6,77,9/7/23 6:46,rating,1694069191
686,56,3,66,9/7/23 6:46,rating,1694069192
687,49,11,54,9/7/23 6:46,rating,1694069192
688,54,1,85,9/7/23 6:46,rating,1694069196
689,46,6,75,9/7/23 6:46,rating,1694069199
690,57,7,91,9/7/23 6:46,rating,1694069199
691,56,11,74,9/7/23 6:46,rating,1694069199
692,49,11,80,9/7/23 6:46,rating,1694069200
693,50,8,70,9/7/23 6:46,rating,1694069206
694,56,7,83,9/7/23 6:46,rating,1694069210
695,56,6,78,9/7/23 6:46,rating,1694069219
696,56,6,96,9/7/23 6:47,rating,1694069222
697,48,2,82,9/7/23 6:47,rating,1694069223
700,16,12,70,9/7/23 6:47,rating,1694069236
702,56,2,48,9/7/23 6:47,rating,1694069239
703,12,4,66,9/7/23 6:47,rating,1694069240
704,12,4,68,9/7/23 6:47,rating,1694069246
705,8,7,65,9/7/23 6:47,rating,1694069247
706,44,1,91,9/7/23 6:47,rating,1694069247
707,54,12,66,9/7/23 6:47,rating,1694069250
708,49,11,74,9/7/23 6:47,rating,1694069252
709,25,3,84,9/7/23 6:47,rating,1694069255
710,56,12,53,9/7/23 6:47,rating,1694069256
711,29,10,61,9/7/23 6:47,rating,1694069260
712,56,4,81,9/7/23 6:47,rating,1694069269
714,37,6,85,9/7/23 6:47,rating,1694069276
715,32,4,47,9/7/23 6:47,rating,1694069277
716,37,6,80,9/7/23 6:48,rating,1694069280
717,32,4,50,9/7/23 6:48,rating,1694069284
718,32,4,37,9/7/23 6:48,rating,1694069284
719,32,4,39,9/7/23 6:48,rating,1694069286
720,32,4,35,9/7/23 6:48,rating,1694069287
721,42,8,42,9/7/23 6:48,rating,1694069287
722,52,7,96,9/7/23 6:48,rating,1694069291
723,54,9,80,9/7/23 6:48,rating,1694069296
724,42,8,69,9/7/23 6:48,rating,1694069302
725,54,9,85,9/7/23 6:48,rating,1694069303
726,44,7,68,9/7/23 6:48,rating,1694069306
727,53,3,85,9/7/23 6:48,rating,1694069308
728,50,10,59,9/7/23 6:48,rating,1694069310
729,44,7,75,9/7/23 6:48,rating,1694069310
730,48,9,81,9/7/23 6:48,rating,1694069319
731,48,9,85,9/7/23 6:48,rating,1694069320
732,48,9,88,9/7/23 6:48,rating,1694069321
733,48,9,93,9/7/23 6:48,rating,1694069322
734,24,7,66,9/7/23 6:48,rating,1694069323
735,51,12,37,9/7/23 6:48,rating,1694069338
736,24,5,66,9/7/23 6:49,rating,1694069345
737,8,7,74,9/7/23 6:49,rating,1694069345
738,54,3,80,9/7/23 6:49,rating,1694069345
739,8,7,76,9/7/23 6:49,rating,1694069346
740,8,7,75,9/7/23 6:49,rating,1694069347
741,47,7,88,9/7/23 6:49,rating,1694069348
742,47,7,86,9/7/23 6:49,rating,1694069353
743,52,2,66,9/7/23 6:49,rating,1694069354
744,21,8,74,9/7/23 6:49,rating,1694069355
745,59,1,95,9/7/23 6:49,rating,1694069355
746,52,2,75,9/7/23 6:49,rating,1694069355
747,52,2,80,9/7/23 6:49,rating,1694069358
748,59,1,93,9/7/23 6:49,rating,1694069358
749,59,1,90,9/7/23 6:49,rating,1694069360
750,8,10,1,9/7/23 6:49,rating,1694069361
752,53,3,88,9/7/23 6:49,rating,1694069365
753,8,10,5,9/7/23 6:49,rating,1694069368
754,42,12,71,9/7/23 6:49,rating,1694069371
755,53,3,85,9/7/23 6:49,rating,1694069372
756,8,10,10,9/7/23 6:49,rating,1694069377
757,42,9,63,9/7/23 6:49,rating,1694069380
758,54,7,80,9/7/23 6:49,rating,1694069383
759,50,6,51,9/7/23 6:49,rating,1694069387
760,59,1,93,9/7/23 6:49,rating,1694069389
761,34,6,50,9/7/23 6:49,rating,1694069393
762,30,10,27,9/7/23 6:50,rating,1694069402
763,28,7,75,9/7/23 6:50,rating,1694069405
764,34,2,47,9/7/23 6:50,rating,1694069405
765,48,10,57,9/7/23 6:50,rating,1694069415
766,48,10,65,9/7/23 6:50,rating,1694069416
767,48,10,72,9/7/23 6:50,rating,1694069417
768,48,10,69,9/7/23 6:50,rating,1694069418
769,54,8,76,9/7/23 6:50,rating,1694069419
770,32,6,23,9/7/23 6:50,rating,1694069427
771,52,10,62,9/7/23 6:50,rating,1694069429
772,32,6,20,9/7/23 6:50,rating,1694069434
773,38,12,70,9/7/23 6:50,rating,1694069436
774,29,3,86,9/7/23 6:50,rating,1694069437
775,29,3,100,9/7/23 6:50,rating,1694069438
776,29,3,75,9/7/23 6:50,rating,1694069439
777,62,5,83,9/7/23 6:50,rating,1694069439
778,29,3,100,9/7/23 6:50,rating,1694069440
779,62,5,86,9/7/23 6:50,rating,1694069441
780,62,5,90,9/7/23 6:50,rating,1694069441
781,49,10,40,9/7/23 6:50,rating,1694069447
782,49,10,46,9/7/23 6:50,rating,1694069453
783,42,7,60,9/7/23 6:50,rating,1694069454
784,50,5,98,9/7/23 6:50,rating,1694069454
785,52,10,80,9/7/23 6:50,rating,1694069455
786,50,5,100,9/7/23 6:50,rating,1694069456
787,44,7,76,9/7/23 6:50,rating,1694069458
788,54,2,70,9/7/23 6:50,rating,1694069459
789,37,11,100,9/7/23 6:51,rating,1694069461
790,44,7,80,9/7/23 6:51,rating,1694069464
791,53,12,80,9/7/23 6:51,rating,1694069464
792,5,3,48,9/7/23 6:51,rating,1694069469
793,64,3,77,9/7/23 6:51,rating,1694069474
794,59,2,70,9/7/23 6:51,rating,1694069479
795,28,11,66,9/7/23 6:51,rating,1694069480
796,45,1,95,9/7/23 6:51,rating,1694069482
797,59,2,60,9/7/23 6:51,rating,1694069487
798,42,11,55,9/7/23 6:51,rating,1694069488
799,48,1,90,9/7/23 6:51,rating,1694069494
800,60,6,85,9/7/23 6:51,rating,1694069494
801,48,1,94,9/7/23 6:51,rating,1694069495
802,47,9,89,9/7/23 6:51,rating,1694069496
803,58,2,69,9/7/23 6:51,rating,1694069496
804,60,6,80,9/7/23 6:51,rating,1694069498
805,58,2,74,9/7/23 6:51,rating,1694069498
806,16,8,80,9/7/23 6:51,rating,1694069499
807,54,4,70,9/7/23 6:51,rating,1694069501
808,50,1,100,9/7/23 6:51,rating,1694069509
810,62,2,74,9/7/23 6:51,rating,1694069516
811,61,7,75,9/7/23 6:51,rating,1694069517
814,32,10,22,9/7/23 6:51,rating,1694069519
815,32,10,30,9/7/23 6:52,rating,1694069523
816,28,10,80,9/7/23 6:52,rating,1694069523
817,5,3,53,9/7/23 6:52,rating,1694069524
818,43,9,90,9/7/23 6:52,rating,1694069524
819,27,12,4,9/7/23 6:52,rating,1694069526
820,52,12,47,9/7/23 6:52,rating,1694069527
821,52,12,57,9/7/23 6:52,rating,1694069528
822,52,12,68,9/7/23 6:52,rating,1694069529
823,27,12,65,9/7/23 6:52,rating,1694069529
824,62,2,65,9/7/23 6:52,rating,1694069530
825,28,3,62,9/7/23 6:52,rating,1694069534
826,59,11,95,9/7/23 6:52,rating,1694069538
827,62,5,95,9/7/23 6:52,rating,1694069540
832,59,11,93,9/7/23 6:52,rating,1694069555
834,53,12,70,9/7/23 6:52,rating,1694069559
835,12,2,69,9/7/23 6:52,rating,1694069562
836,50,9,98,9/7/23 6:52,rating,1694069563
837,62,12,70,9/7/23 6:52,rating,1694069567
838,52,1,73,9/7/23 6:52,rating,1694069569
839,52,1,79,9/7/23 6:52,rating,1694069570
840,52,1,84,9/7/23 6:52,rating,1694069570
841,52,1,88,9/7/23 6:52,rating,1694069571
842,62,12,65,9/7/23 6:52,rating,1694069571
843,59,10,62,9/7/23 6:53,rating,1694069586
844,32,8,35,9/7/23 6:53,rating,1694069588
845,60,9,100,9/7/23 6:53,rating,1694069590
846,62,8,85,9/7/23 6:53,rating,1694069593
848,59,2,65,9/7/23 6:53,rating,1694069600
849,48,12,78,9/7/23 6:53,rating,1694069600
851,48,12,88,9/7/23 6:53,rating,1694069601
852,48,12,75,9/7/23 6:53,rating,1694069602
853,48,12,85,9/7/23 6:53,rating,1694069603
854,62,8,69,9/7/23 6:53,rating,1694069603
857,8,5,90,9/7/23 6:53,rating,1694069606
858,47,8,32,9/7/23 6:53,rating,1694069606
862,59,10,64,9/7/23 6:53,rating,1694069611
863,8,5,95,9/7/23 6:53,rating,1694069612
865,21,6,2,9/7/23 6:53,rating,1694069614
866,21,6,40,9/7/23 6:53,rating,1694069616
868,50,4,75,9/7/23 6:53,rating,1694069616
870,59,10,67,9/7/23 6:53,rating,1694069618
871,8,5,92,9/7/23 6:53,rating,1694069619
872,52,6,51,9/7/23 6:53,rating,1694069621
873,41,3,49,9/7/23 6:53,rating,1694069628
874,41,3,52,9/7/23 6:53,rating,1694069629
875,41,3,67,9/7/23 6:53,rating,1694069630
876,49,10,37,9/7/23 6:53,rating,1694069631
877,59,12,62,9/7/23 6:53,rating,1694069635
878,62,11,95,9/7/23 6:53,rating,1694069635
879,38,3,100,9/7/23 6:53,rating,1694069637
880,22,10,35,9/7/23 6:54,rating,1694069644
881,22,10,25,9/7/23 6:54,rating,1694069647
882,44,5,91,9/7/23 6:54,rating,1694069648
883,32,2,35,9/7/23 6:54,rating,1694069658
884,22,10,35,9/7/23 6:54,rating,1694069659
885,27,8,70,9/7/23 6:54,rating,1694069660
886,46,7,91,9/7/23 6:54,rating,1694069662
887,62,1,85,9/7/23 6:54,rating,1694069664
888,8,6,1,9/7/23 6:54,rating,1694069670
889,52,5,91,9/7/23 6:54,rating,1694069677
890,62,1,95,9/7/23 6:54,rating,1694069678
891,59,5,94,9/7/23 6:54,rating,1694069680
892,63,5,67,9/7/23 6:54,rating,1694069683
893,64,10,77,9/7/23 6:54,rating,1694069685
894,63,5,72,9/7/23 6:54,rating,1694069686
895,41,5,68,9/7/23 6:54,rating,1694069692
896,62,7,80,9/7/23 6:55,rating,1694069701
897,48,3,92,9/7/23 6:55,rating,1694069703
898,60,5,100,9/7/23 6:55,rating,1694069717
899,53,8,70,9/7/23 6:55,rating,1694069717
900,62,6,65,9/7/23 6:55,rating,1694069722
901,59,9,93,9/7/23 6:55,rating,1694069727
902,47,11,90,9/7/23 6:55,rating,1694069738
903,62,9,75,9/7/23 6:55,rating,1694069740
905,27,1,80,9/7/23 6:55,rating,1694069742
906,62,9,80,9/7/23 6:55,rating,1694069752
907,59,6,62,9/7/23 6:55,rating,1694069754
908,32,3,60,9/7/23 6:55,rating,1694069759
910,32,3,75,9/7/23 6:56,rating,1694069764
911,52,11,85,9/7/23 6:56,rating,1694069771
912,52,11,90,9/7/23 6:56,rating,1694069771
913,62,3,85,9/7/23 6:56,rating,1694069775
914,51,5,89,9/7/23 6:56,rating,1694069779
915,16,9,85,9/7/23 6:56,rating,1694069786
916,38,5,89,9/7/23 6:56,rating,1694069786
917,59,8,70,9/7/23 6:56,rating,1694069789
918,38,5,91,9/7/23 6:56,rating,1694069789
919,62,10,80,9/7/23 6:56,rating,1694069794
920,27,2,65,9/7/23 6:56,rating,1694069803
921,48,5,94,9/7/23 6:56,rating,1694069803
922,45,10,75,9/7/23 6:56,rating,1694069804
923,62,4,90,9/7/23 6:56,rating,1694069806
924,59,8,67,9/7/23 6:56,rating,1694069808
925,62,4,85,9/7/23 6:56,rating,1694069811
926,52,4,73,9/7/23 6:56,rating,1694069811
927,52,4,88,9/7/23 6:56,rating,1694069812
928,41,7,56,9/7/23 6:56,rating,1694069814
929,52,4,80,9/7/23 6:56,rating,1694069814
930,27,2,55,9/7/23 6:56,rating,1694069816
931,52,4,83,9/7/23 6:56,rating,1694069816
932,61,10,70,9/7/23 6:57,rating,1694069821
933,59,3,95,9/7/23 6:57,rating,1694069824
934,45,8,70,9/7/23 6:57,rating,1694069828
935,57,12,54,9/7/23 6:57,rating,1694069840
936,57,12,61,9/7/23 6:57,rating,1694069844
937,30,8,28,9/7/23 6:57,rating,1694069854
938,59,7,86,9/7/23 6:57,rating,1694069854
939,59,7,85,9/7/23 6:57,rating,1694069861
940,60,1,100,9/7/23 6:57,rating,1694069861
941,47,12,38,9/7/23 6:57,rating,1694069866
942,41,1,56,9/7/23 6:57,rating,1694069868
943,59,4,61,9/7/23 6:57,rating,1694069873
944,59,4,60,9/7/23 6:57,rating,1694069876
946,57,12,54,9/7/23 6:58,rating,1694069887
947,27,11,24,9/7/23 6:58,rating,1694069891
948,27,11,100,9/7/23 6:58,rating,1694069898
949,27,11,95,9/7/23 6:58,rating,1694069905
950,8,10,5,9/7/23 6:58,rating,1694069906
951,38,10,71,9/7/23 6:58,rating,1694069911
952,65,7,90,9/7/23 6:58,rating,1694069912
953,41,10,48,9/7/23 6:58,rating,1694069913
954,48,11,100,9/7/23 6:58,rating,1694069916
955,8,6,5,9/7/23 6:58,rating,1694069917
956,59,2,70,9/7/23 6:58,rating,1694069919
958,27,11,100,9/7/23 6:58,rating,1694069920
959,46,11,100,9/7/23 6:58,rating,1694069921
960,27,11,95,9/7/23 6:58,rating,1694069923
961,57,10,65,9/7/23 6:58,rating,1694069924
962,8,6,3,9/7/23 6:58,rating,1694069924
963,59,10,69,9/7/23 6:58,rating,1694069925
964,65,7,97,9/7/23 6:58,rating,1694069926
965,3,5,85,9/7/23 6:58,rating,1694069926
966,59,10,72,9/7/23 6:58,rating,1694069927
967,65,7,95,9/7/23 6:58,rating,1694069928
968,48,7,79,9/7/23 6:58,rating,1694069928
969,59,12,67,9/7/23 6:58,rating,1694069932
970,57,10,62,9/7/23 6:58,rating,1694069932
971,57,10,68,9/7/23 6:58,rating,1694069935
972,57,10,63,9/7/23 6:58,rating,1694069939
973,58,5,99,9/7/23 6:59,rating,1694069941
974,58,5,100,9/7/23 6:59,rating,1694069942
975,44,2,65,9/7/23 6:59,rating,1694069949
976,59,6,64,9/7/23 6:59,rating,1694069957
977,21,1,100,9/7/23 6:59,rating,1694069958
978,59,4,64,9/7/23 6:59,rating,1694069966
979,37,10,74,9/7/23 6:59,rating,1694069967
980,37,10,87,9/7/23 6:59,rating,1694069973
981,44,12,50,9/7/23 6:59,rating,1694069984
982,60,7,100,9/7/23 6:59,rating,1694069988
983,61,8,83,9/7/23 6:59,rating,1694069988
984,27,6,50,9/7/23 6:59,rating,1694069991
985,27,6,45,9/7/23 6:59,rating,1694069995
986,21,9,49,9/7/23 6:59,rating,1694069999
987,47,1,96,9/7/23 7:00,rating,1694070007
988,64,8,80,9/7/23 7:00,rating,1694070016
989,5,9,80,9/7/23 7:00,rating,1694070030
990,8,9,87,9/7/23 7:00,rating,1694070045
991,42,3,39,9/7/23 7:00,rating,1694070050
992,57,11,99,9/7/23 7:00,rating,1694070056
993,5,3,47,9/7/23 7:00,rating,1694070059
994,5,3,55,9/7/23 7:01,rating,1694070061
995,16,3,90,9/7/23 7:01,rating,1694070062
996,12,1,87,9/7/23 7:01,rating,1694070066
997,22,8,25,9/7/23 7:01,rating,1694070068
999,70,5,87,9/7/23 7:01,rating,1694070080
1000,70,5,75,9/7/23 7:01,rating,1694070082
1001,48,4,73,9/7/23 7:01,rating,1694070082
1002,48,4,64,9/7/23 7:01,rating,1694070083
1003,22,1,85,9/7/23 7:01,rating,1694070083
1004,48,4,75,9/7/23 7:01,rating,1694070084
1005,60,2,80,9/7/23 7:01,rating,1694070084
1006,24,8,16,9/7/23 7:01,rating,1694070084
1007,22,1,90,9/7/23 7:01,rating,1694070085
1008,60,2,85,9/7/23 7:01,rating,1694070086
1009,37,3,100,9/7/23 7:01,rating,1694070087
1010,27,7,80,9/7/23 7:01,rating,1694070093
1011,58,10,53,9/7/23 7:01,rating,1694070095
1012,49,7,64,9/7/23 7:01,rating,1694070098
1013,49,7,80,9/7/23 7:01,rating,1694070099
1014,27,7,90,9/7/23 7:01,rating,1694070100
1015,8,9,85,9/7/23 7:01,rating,1694070111
1016,68,8,75,9/7/23 7:01,rating,1694070113
1017,3,5,96,9/7/23 7:01,rating,1694070118
1018,3,5,95,9/7/23 7:02,rating,1694070123
1019,47,6,48,9/7/23 7:02,rating,1694070128
1020,38,6,62,9/7/23 7:02,rating,1694070135
1021,45,6,65,9/7/23 7:02,rating,1694070136
1022,38,6,56,9/7/23 7:02,rating,1694070137
1023,70,5,88,9/7/23 7:02,rating,1694070138
1024,43,5,95,9/7/23 7:02,rating,1694070139
1025,65,10,85,9/7/23 7:02,rating,1694070143
1026,46,9,90,9/7/23 7:02,rating,1694070156
1027,51,7,82,9/7/23 7:02,rating,1694070159
1028,61,5,90,9/7/23 7:02,rating,1694070166
1029,57,6,54,9/7/23 7:02,rating,1694070168
1030,57,6,58,9/7/23 7:02,rating,1694070175
1031,61,5,100,9/7/23 7:02,rating,1694070176
1032,34,8,44,9/7/23 7:03,rating,1694070191
1033,71,8,66,9/7/23 7:03,rating,1694070192
1034,34,8,50,9/7/23 7:03,rating,1694070193
1035,60,12,80,9/7/23 7:03,rating,1694070198
1036,34,6,55,9/7/23 7:03,rating,1694070207
1037,27,9,89,9/7/23 7:03,rating,1694070210
1038,27,9,85,9/7/23 7:03,rating,1694070212
1039,53,11,100,9/7/23 7:03,rating,1694070217
1040,24,4,23,9/7/23 7:03,rating,1694070217
1041,27,9,90,9/7/23 7:03,rating,1694070218
1042,24,4,20,9/7/23 7:03,rating,1694070219
1043,53,11,95,9/7/23 7:03,rating,1694070220
1044,30,4,35,9/7/23 7:03,rating,1694070225
1045,70,9,61,9/7/23 7:04,rating,1694070242
1046,44,6,70,9/7/23 7:04,rating,1694070255
1047,71,3,47,9/7/23 7:04,rating,1694070261
1048,69,12,70,9/7/23 7:04,rating,1694070269
1049,69,12,67,9/7/23 7:04,rating,1694070272
1050,27,3,95,9/7/23 7:04,rating,1694070274
1051,38,1,98,9/7/23 7:04,rating,1694070285
1052,61,2,1,9/7/23 7:04,rating,1694070286
1053,61,2,70,9/7/23 7:04,rating,1694070292
1054,30,11,100,9/7/23 7:04,rating,1694070295
1055,47,4,30,9/7/23 7:04,rating,1694070297
1056,27,12,50,9/7/23 7:04,rating,1694070298
1057,64,2,81,9/7/23 7:04,rating,1694070298
1059,71,5,61,9/7/23 7:05,rating,1694070305
1060,27,8,60,9/7/23 7:05,rating,1694070306
1061,27,1,85,9/7/23 7:05,rating,1694070312
1062,37,9,100,9/7/23 7:05,rating,1694070321
1063,71,7,63,9/7/23 7:05,rating,1694070332
1064,72,10,70,9/7/23 7:05,rating,1694070337
1065,57,2,57,9/7/23 7:05,rating,1694070341
1066,24,11,15,9/7/23 7:05,rating,1694070345
1067,51,2,40,9/7/23 7:05,rating,1694070347
1068,27,10,60,9/7/23 7:05,rating,1694070349
1069,58,9,93,9/7/23 7:05,rating,1694070354
1070,27,10,50,9/7/23 7:05,rating,1694070358
1071,53,7,88,9/7/23 7:06,rating,1694070360
1072,8,12,5,9/7/23 7:06,rating,1694070364
1073,27,4,45,9/7/23 7:06,rating,1694070366
1074,71,1,53,9/7/23 7:06,rating,1694070378
1075,57,3,77,9/7/23 7:06,rating,1694070383
1076,57,3,83,9/7/23 7:06,rating,1694070387
1077,57,3,88,9/7/23 7:06,rating,1694070396
1078,69,11,100,9/7/23 7:06,rating,1694070397
1079,65,5,100,9/7/23 7:06,rating,1694070400
1080,46,2,72,9/7/23 7:06,rating,1694070407
1081,46,2,78,9/7/23 7:06,rating,1694070412
1082,71,10,53,9/7/23 7:07,rating,1694070433
1083,53,10,85,9/7/23 7:07,rating,1694070434
1084,72,5,91,9/7/23 7:07,rating,1694070447
1085,34,10,60,9/7/23 7:07,rating,1694070447
1086,60,3,100,9/7/23 7:07,rating,1694070453
1087,34,8,55,9/7/23 7:07,rating,1694070454
1089,34,6,60,9/7/23 7:07,rating,1694070461
1090,61,1,74,9/7/23 7:07,rating,1694070467
1091,70,2,45,9/7/23 7:07,rating,1694070471
1092,34,2,55,9/7/23 7:07,rating,1694070472
1093,64,1,74,9/7/23 7:07,rating,1694070472
1094,34,12,53,9/7/23 7:08,rating,1694070480
1095,24,12,16,9/7/23 7:08,rating,1694070484
1096,45,5,95,9/7/23 7:08,rating,1694070486
1097,58,12,47,9/7/23 7:08,rating,1694070500
1098,58,12,51,9/7/23 7:08,rating,1694070501
1099,58,12,48,9/7/23 7:08,rating,1694070503
1100,58,12,49,9/7/23 7:08,rating,1694070505
1101,72,6,65,9/7/23 7:08,rating,1694070506
1102,58,12,50,9/7/23 7:08,rating,1694070506
1103,60,11,100,9/7/23 7:08,rating,1694070507
1105,73,8,43,9/7/23 7:08,rating,1694070513
1106,34,6,63,9/7/23 7:08,rating,1694070514
1107,73,8,56,9/7/23 7:08,rating,1694070515
1108,73,8,68,9/7/23 7:08,rating,1694070516
1109,73,8,77,9/7/23 7:08,rating,1694070517
1110,69,7,90,9/7/23 7:08,rating,1694070517
1111,34,6,62,9/7/23 7:08,rating,1694070517
1112,73,8,74,9/7/23 7:08,rating,1694070519
1113,73,8,77,9/7/23 7:08,rating,1694070520
1114,70,10,40,9/7/23 7:08,rating,1694070521
1115,73,8,76,9/7/23 7:08,rating,1694070522
1116,34,6,63,9/7/23 7:08,rating,1694070522
1117,73,8,75,9/7/23 7:08,rating,1694070523
1118,38,9,86,9/7/23 7:08,rating,1694070524
1119,72,6,60,9/7/23 7:08,rating,1694070526
1120,38,9,82,9/7/23 7:08,rating,1694070528
1121,21,7,100,9/7/23 7:08,rating,1694070531
1122,42,6,54,9/7/23 7:09,rating,1694070542
1123,65,8,75,9/7/23 7:09,rating,1694070547
1124,70,6,2,9/7/23 7:09,rating,1694070548
1125,70,6,41,9/7/23 7:09,rating,1694070550
1126,8,1,80,9/7/23 7:09,rating,1694070556
1127,65,8,80,9/7/23 7:09,rating,1694070561
1128,68,3,90,9/7/23 7:09,rating,1694070565
1129,44,11,100,9/7/23 7:09,rating,1694070566
1130,44,11,98,9/7/23 7:09,rating,1694070569
1131,42,1,74,9/7/23 7:09,rating,1694070574
1132,72,1,93,9/7/23 7:09,rating,1694070586
1133,24,6,19,9/7/23 7:10,rating,1694070601
1134,30,3,100,9/7/23 7:10,rating,1694070606
1135,46,8,72,9/7/23 7:10,rating,1694070606
1137,61,11,100,9/7/23 7:10,rating,1694070612
1138,64,11,94,9/7/23 7:10,rating,1694070616
1139,38,8,60,9/7/23 7:10,rating,1694070628
1140,24,6,57,9/7/23 7:10,rating,1694070628
1141,42,4,47,9/7/23 7:10,rating,1694070635
1142,69,8,60,9/7/23 7:10,rating,1694070641
1143,69,8,63,9/7/23 7:10,rating,1694070646
1144,49,6,44,9/7/23 7:10,rating,1694070648
1145,37,1,100,9/7/23 7:10,rating,1694070649
1146,72,7,88,9/7/23 7:11,rating,1694070666
1147,53,9,95,9/7/23 7:11,rating,1694070668
1148,44,10,74,9/7/23 7:11,rating,1694070673
1149,67,11,80,9/7/23 7:11,rating,1694070674
1150,63,5,80,9/7/23 7:11,rating,1694070684
1151,43,8,65,9/7/23 7:11,rating,1694070688
1152,41,4,44,9/7/23 7:11,rating,1694070696
1153,41,4,47,9/7/23 7:11,rating,1694070697
1154,38,4,50,9/7/23 7:11,rating,1694070702
1155,24,3,40,9/7/23 7:11,rating,1694070719
1156,22,5,67,9/7/23 7:12,rating,1694070722
1157,22,5,88,9/7/23 7:12,rating,1694070724
1158,58,3,84,9/7/23 7:12,rating,1694070726
1159,72,8,60,9/7/23 7:12,rating,1694070730
1160,69,5,92,9/7/23 7:12,rating,1694070740
1161,41,6,50,9/7/23 7:12,rating,1694070745
1162,3,6,86,9/7/23 7:12,rating,1694070750
1163,61,6,72,9/7/23 7:12,rating,1694070750
1164,3,6,90,9/7/23 7:12,rating,1694070753
1165,64,6,68,9/7/23 7:12,rating,1694070754
1166,71,4,49,9/7/23 7:12,rating,1694070769
1167,34,9,83,9/7/23 7:12,rating,1694070771
1168,60,10,81,9/7/23 7:12,rating,1694070772
1169,60,10,85,9/7/23 7:12,rating,1694070774
1170,21,11,32,9/7/23 7:13,rating,1694070781
1171,34,12,57,9/7/23 7:13,rating,1694070785
1172,45,2,65,9/7/23 7:13,rating,1694070789
1173,72,12,45,9/7/23 7:13,rating,1694070804
1174,8,3,45,9/7/23 7:13,rating,1694070805
1176,8,3,75,9/7/23 7:13,rating,1694070811
1177,65,9,100,9/7/23 7:14,rating,1694070851
1178,51,9,75,9/7/23 7:14,rating,1694070852
1179,69,10,60,9/7/23 7:14,rating,1694070852
1180,72,11,94,9/7/23 7:14,rating,1694070859
1181,69,10,55,9/7/23 7:14,rating,1694070859
1182,49,3,72,9/7/23 7:14,rating,1694070860
1183,41,2,50,9/7/23 7:14,rating,1694070862
1184,49,3,83,9/7/23 7:14,rating,1694070863
1185,69,10,63,9/7/23 7:14,rating,1694070865
1186,44,3,86,9/7/23 7:14,rating,1694070865
1187,69,10,61,9/7/23 7:14,rating,1694070866
1188,49,3,87,9/7/23 7:14,rating,1694070867
1189,46,1,95,9/7/23 7:14,rating,1694070867
1190,69,10,60,9/7/23 7:14,rating,1694070868
1191,60,8,80,9/7/23 7:14,rating,1694070872
1192,46,1,96,9/7/23 7:14,rating,1694070874
1193,41,9,35,9/7/23 7:14,rating,1694070896
1194,41,9,40,9/7/23 7:14,rating,1694070896
1195,41,9,42,9/7/23 7:14,rating,1694070896
1196,41,9,45,9/7/23 7:14,rating,1694070897
1197,8,2,35,9/7/23 7:14,rating,1694070898
1198,58,7,75,9/7/23 7:14,rating,1694070899
1199,58,7,83,9/7/23 7:15,rating,1694070901
1200,44,4,51,9/7/23 7:15,rating,1694070910
1201,8,4,35,9/7/23 7:15,rating,1694070918
1202,73,7,59,9/7/23 7:15,rating,1694070919
1203,73,7,60,9/7/23 7:15,rating,1694070920
1204,73,7,61,9/7/23 7:15,rating,1694070920
1205,73,7,62,9/7/23 7:15,rating,1694070920
1206,73,7,63,9/7/23 7:15,rating,1694070920
1207,73,7,64,9/7/23 7:15,rating,1694070920
1208,73,7,65,9/7/23 7:15,rating,1694070920
1209,73,7,66,9/7/23 7:15,rating,1694070921
1210,73,7,67,9/7/23 7:15,rating,1694070921
1211,73,7,68,9/7/23 7:15,rating,1694070921
1212,73,7,69,9/7/23 7:15,rating,1694070921
1213,73,7,70,9/7/23 7:15,rating,1694070921
1214,73,7,71,9/7/23 7:15,rating,1694070921
1215,73,7,72,9/7/23 7:15,rating,1694070922
1216,73,7,73,9/7/23 7:15,rating,1694070922
1217,73,7,74,9/7/23 7:15,rating,1694070922
1218,73,7,75,9/7/23 7:15,rating,1694070922
1219,73,7,76,9/7/23 7:15,rating,1694070922
1220,73,7,77,9/7/23 7:15,rating,1694070922
1221,73,7,78,9/7/23 7:15,rating,1694070923
1222,73,7,79,9/7/23 7:15,rating,1694070923
1223,73,7,80,9/7/23 7:15,rating,1694070923
1224,73,7,81,9/7/23 7:15,rating,1694070923
1225,73,7,82,9/7/23 7:15,rating,1694070924
1226,73,7,83,9/7/23 7:15,rating,1694070924
1227,73,7,84,9/7/23 7:15,rating,1694070924
1228,73,7,85,9/7/23 7:15,rating,1694070924
1229,72,3,86,9/7/23 7:15,rating,1694070924
1230,41,9,73,9/7/23 7:15,rating,1694070926
1231,75,11,91,9/7/23 7:15,rating,1694070929
1232,37,2,90,9/7/23 7:15,rating,1694070941
1233,22,9,67,9/7/23 7:15,rating,1694070944
1234,61,9,76,9/7/23 7:15,rating,1694070944
1235,37,2,88,9/7/23 7:15,rating,1694070947
1236,64,9,66,9/7/23 7:15,rating,1694070949
1237,64,9,78,9/7/23 7:15,rating,1694070954
1238,8,10,3,9/7/23 7:15,rating,1694070955
1239,21,11,100,9/7/23 7:15,rating,1694070959
1240,57,8,63,9/7/23 7:16,rating,1694070962
1241,57,8,57,9/7/23 7:16,rating,1694070966
1242,57,8,60,9/7/23 7:16,rating,1694070968
1243,63,12,75,9/7/23 7:16,rating,1694070970
1244,72,2,50,9/7/23 7:16,rating,1694070971
1246,8,8,45,9/7/23 7:16,rating,1694070974
1247,49,2,43,9/7/23 7:16,rating,1694070974
1248,49,2,46,9/7/23 7:16,rating,1694070975
1249,49,2,38,9/7/23 7:16,rating,1694070979
1250,69,9,95,9/7/23 7:16,rating,1694070981
1251,72,2,45,9/7/23 7:16,rating,1694070985
1252,43,7,80,9/7/23 7:16,rating,1694070990
1253,44,4,59,9/7/23 7:16,rating,1694071001
1254,41,11,49,9/7/23 7:16,rating,1694071004
1255,44,4,62,9/7/23 7:16,rating,1694071007
1256,44,4,61,9/7/23 7:16,rating,1694071007
1257,44,4,56,9/7/23 7:16,rating,1694071008
1258,44,4,65,9/7/23 7:16,rating,1694071010
1259,44,4,62,9/7/23 7:16,rating,1694071016
1260,44,4,58,9/7/23 7:16,rating,1694071017
1261,44,4,62,9/7/23 7:16,rating,1694071018
1262,72,9,89,9/7/23 7:16,rating,1694071019
1263,60,4,79,9/7/23 7:17,rating,1694071020
1264,34,1,100,9/7/23 7:17,rating,1694071020
1265,67,5,90,9/7/23 7:17,rating,1694071023
1266,60,4,83,9/7/23 7:17,rating,1694071024
1267,72,9,86,9/7/23 7:17,rating,1694071028
1268,72,9,89,9/7/23 7:17,rating,1694071035
1269,38,7,94,9/7/23 7:17,summary,1694071037
1270,38,7,96,9/7/23 7:17,summary,1694071041
1271,57,9,83,9/7/23 7:17,rating,1694071043
1272,46,10,76,9/7/23 7:17,rating,1694071049
1273,46,10,74,9/7/23 7:17,rating,1694071050
1274,22,9,80,9/7/23 7:17,rating,1694071053
1275,8,1,87,9/7/23 7:17,rating,1694071053
1276,69,3,90,9/7/23 7:17,rating,1694071068
1277,51,3,75,9/7/23 7:17,rating,1694071074
1278,58,1,99,9/7/23 7:17,rating,1694071076
1279,8,3,80,9/7/23 7:17,rating,1694071077
1280,58,1,100,9/7/23 7:17,rating,1694071077
1281,68,9,80,9/7/23 7:18,rating,1694071082
1282,61,4,77,9/7/23 7:18,rating,1694071092
1283,72,4,50,9/7/23 7:18,rating,1694071092
1284,64,4,74,9/7/23 7:18,rating,1694071095
1285,72,4,47,9/7/23 7:18,rating,1694071098
1286,38,7,90,9/7/23 7:18,rating,1694071103
1287,8,7,80,9/7/23 7:18,rating,1694071105
1288,71,2,56,9/7/23 7:18,rating,1694071111
1289,45,9,90,9/7/23 7:18,rating,1694071124
1290,43,6,60,9/7/23 7:18,rating,1694071128
1291,63,1,93,9/7/23 7:19,rating,1694071153
1292,71,9,54,9/7/23 7:19,rating,1694071153
1293,3,12,83,9/7/23 7:19,rating,1694071155
1294,3,12,80,9/7/23 7:19,rating,1694071157
1295,69,2,50,9/7/23 7:19,rating,1694071171
1296,12,5,86,9/7/23 7:19,rating,1694071172
1297,53,6,66,9/7/23 7:19,rating,1694071176
1298,12,5,89,9/7/23 7:19,rating,1694071178
1299,67,10,84,9/7/23 7:19,rating,1694071186
1300,73,11,85,9/7/23 7:19,rating,1694071187
1301,73,11,92,9/7/23 7:19,rating,1694071189
1302,71,11,61,9/7/23 7:19,rating,1694071189
1303,73,11,93,9/7/23 7:19,rating,1694071190
1304,37,7,81,9/7/23 7:19,rating,1694071190
1305,73,11,94,9/7/23 7:19,rating,1694071190
1306,73,11,95,9/7/23 7:19,rating,1694071191
1307,49,1,79,9/7/23 7:19,rating,1694071191
1308,37,7,96,9/7/23 7:19,rating,1694071192
1309,49,1,86,9/7/23 7:19,rating,1694071193
1311,37,7,100,9/7/23 7:19,rating,1694071194
1312,46,12,64,9/7/23 7:20,rating,1694071202
1313,67,10,78,9/7/23 7:20,rating,1694071203
1314,46,12,68,9/7/23 7:20,rating,1694071205
1315,57,5,92,9/7/23 7:20,rating,1694071216
1316,74,8,4,9/7/23 7:20,rating,1694071218
1317,58,8,23,9/7/23 7:20,rating,1694071219
1318,53,6,75,9/7/23 7:20,rating,1694071225
1319,75,6,36,9/7/23 7:20,rating,1694071233
1320,61,12,70,9/7/23 7:20,rating,1694071238
1321,21,4,52,9/7/23 7:20,rating,1694071246
1322,22,4,27,9/7/23 7:20,rating,1694071247
1323,64,12,81,9/7/23 7:20,rating,1694071249
1324,34,4,60,9/7/23 7:21,rating,1694071276
1325,57,4,63,9/7/23 7:21,rating,1694071278
1326,65,3,95,9/7/23 7:21,rating,1694071284
1327,69,1,90,9/7/23 7:21,rating,1694071293
1328,34,2,58,9/7/23 7:21,rating,1694071293
1329,69,1,92,9/7/23 7:21,rating,1694071294
1330,34,2,55,9/7/23 7:21,rating,1694071295
1331,49,5,88,9/7/23 7:21,rating,1694071313
1332,58,11,100,9/7/23 7:22,rating,1694071337
1333,63,7,88,9/7/23 7:22,rating,1694071342
1335,53,2,78,9/7/23 7:22,rating,1694071371
1336,46,5,96,9/7/23 7:22,rating,1694071375
1337,53,2,85,9/7/23 7:22,rating,1694071376
1338,67,3,90,9/7/23 7:23,rating,1694071381
1339,12,3,79,9/7/23 7:23,rating,1694071386
1340,68,1,89,9/7/23 7:23,rating,1694071386
1341,68,1,88,9/7/23 7:23,rating,1694071390
1343,69,6,45,9/7/23 7:23,rating,1694071395
1344,58,6,54,9/7/23 7:23,rating,1694071395
1345,68,1,85,9/7/23 7:23,rating,1694071399
1346,45,11,85,9/7/23 7:23,rating,1694071402
1347,45,11,90,9/7/23 7:23,rating,1694071412
1348,71,12,57,9/7/23 7:23,rating,1694071414
1349,67,3,78,9/7/23 7:23,rating,1694071416
1350,61,3,75,9/7/23 7:23,rating,1694071421
1351,71,6,43,9/7/23 7:23,rating,1694071430
1352,49,12,25,9/7/23 7:24,rating,1694071468
1353,49,12,32,9/7/23 7:24,rating,1694071473
1354,58,4,1,9/7/23 7:24,rating,1694071484
1355,63,2,63,9/7/23 7:24,rating,1694071490
1356,63,2,79,9/7/23 7:24,rating,1694071493
1357,73,6,54,9/7/23 7:24,rating,1694071497
1358,73,6,55,9/7/23 7:24,rating,1694071498
1359,73,6,56,9/7/23 7:24,rating,1694071498
1360,73,6,57,9/7/23 7:24,rating,1694071498
1361,73,6,58,9/7/23 7:24,rating,1694071498
1362,69,4,55,9/7/23 7:24,rating,1694071498
1363,73,6,59,9/7/23 7:24,rating,1694071498
1364,73,6,60,9/7/23 7:24,rating,1694071498
1365,73,6,61,9/7/23 7:24,rating,1694071499
1366,73,6,62,9/7/23 7:24,rating,1694071499
1367,73,6,63,9/7/23 7:24,rating,1694071499
1368,73,6,64,9/7/23 7:24,rating,1694071499
1369,73,6,65,9/7/23 7:24,rating,1694071499
1370,73,6,66,9/7/23 7:24,rating,1694071499
1371,73,6,67,9/7/23 7:25,rating,1694071500
1372,73,6,68,9/7/23 7:25,rating,1694071500
1373,73,6,69,9/7/23 7:25,rating,1694071500
1374,73,6,70,9/7/23 7:25,rating,1694071500
1375,73,6,71,9/7/23 7:25,rating,1694071500
1376,73,6,72,9/7/23 7:25,rating,1694071500
1377,73,6,73,9/7/23 7:25,rating,1694071501
1378,73,6,74,9/7/23 7:25,rating,1694071501
1379,73,6,75,9/7/23 7:25,rating,1694071501
1380,69,4,58,9/7/23 7:25,rating,1694071504
1381,43,1,90,9/7/23 7:25,rating,1694071504
1382,3,1,95,9/7/23 7:25,rating,1694071504
1383,3,1,98,9/7/23 7:25,rating,1694071506
1384,43,1,95,9/7/23 7:25,rating,1694071513
1385,53,1,87,9/7/23 7:25,rating,1694071521
1386,53,1,100,9/7/23 7:25,rating,1694071522
1387,34,3,87,9/7/23 7:25,rating,1694071522
1388,22,3,71,9/7/23 7:25,rating,1694071536
1389,53,1,90,9/7/23 7:25,rating,1694071543
1391,46,4,57,9/7/23 7:25,rating,1694071549
1392,22,3,93,9/7/23 7:25,rating,1694071553
1393,37,4,85,9/7/23 7:26,rating,1694071577
1394,37,4,82,9/7/23 7:26,rating,1694071581
1395,65,11,100,9/7/23 7:26,rating,1694071588
1396,64,5,80,9/7/23 7:26,rating,1694071589
1397,77,8,38,9/7/23 7:26,rating,1694071593
1398,49,8,26,9/7/23 7:26,rating,1694071595
1399,67,8,81,9/7/23 7:26,rating,1694071597
1400,49,8,34,9/7/23 7:26,rating,1694071599
1401,67,8,79,9/7/23 7:26,rating,1694071600
1402,75,9,96,9/7/23 7:26,rating,1694071605
1403,49,8,50,9/7/23 7:26,rating,1694071611
1404,69,5,93,9/7/23 7:26,rating,1694071614
1405,43,10,70,9/7/23 7:27,rating,1694071620
1406,69,10,62,9/7/23 7:27,rating,1694071621
1407,77,8,58,9/7/23 7:27,rating,1694071631
1408,69,2,54,9/7/23 7:27,rating,1694071635
1409,69,2,52,9/7/23 7:27,rating,1694071638
1410,69,6,47,9/7/23 7:27,rating,1694071655
1411,21,5,52,9/7/23 7:27,rating,1694071656
1412,45,7,90,9/7/23 7:27,rating,1694071659
1413,63,8,72,9/7/23 7:27,rating,1694071666
1414,53,4,66,9/7/23 7:28,rating,1694071686
1415,53,4,69,9/7/23 7:28,rating,1694071686
1416,53,4,70,9/7/23 7:28,rating,1694071687
1417,43,3,87,9/7/23 7:28,rating,1694071702
1418,64,7,74,9/7/23 7:28,rating,1694071712
1419,69,12,65,9/7/23 7:28,rating,1694071719
1421,49,4,34,9/7/23 7:28,rating,1694071731
1425,67,9,85,9/7/23 7:29,rating,1694071751
1427,3,2,75,9/7/23 7:29,rating,1694071769
1428,68,11,80,9/7/23 7:29,rating,1694071781
1429,69,6,48,9/7/23 7:29,rating,1694071794
1430,69,2,53,9/7/23 7:30,rating,1694071802
1431,63,6,70,9/7/23 7:30,rating,1694071817
1432,69,5,94,9/7/23 7:30,rating,1694071826
1433,43,2,6,9/7/23 7:30,rating,1694071827
1434,43,2,74,9/7/23 7:30,rating,1694071830
1435,69,9,96,9/7/23 7:30,rating,1694071836
1436,75,8,35,9/7/23 7:31,rating,1694071883
1437,67,6,82,9/7/23 7:31,rating,1694071893
1438,73,3,95,9/7/23 7:31,rating,1694071894
1439,68,8,65,9/7/23 7:31,rating,1694071897
1440,67,6,80,9/7/23 7:31,rating,1694071903
1441,70,12,54,9/7/23 7:31,rating,1694071909
1442,70,11,63,9/7/23 7:31,rating,1694071914
1443,70,1,53,9/7/23 7:32,rating,1694071925
1444,70,8,57,9/7/23 7:32,rating,1694071932
1445,70,3,60,9/7/23 7:32,rating,1694071937
1446,45,12,60,9/7/23 7:32,rating,1694071937
1447,70,7,64,9/7/23 7:32,rating,1694071942
1448,51,6,28,9/7/23 7:32,rating,1694071957
1449,63,3,80,9/7/23 7:32,rating,1694071958
1450,77,8,69,9/7/23 7:32,rating,1694071972
1451,70,4,57,9/7/23 7:33,rating,1694071983
1452,77,8,83,9/7/23 7:33,rating,1694071986
1453,73,5,58,9/7/23 7:33,rating,1694072001
1454,73,5,72,9/7/23 7:33,rating,1694072003
1455,73,5,79,9/7/23 7:33,rating,1694072004
1456,73,5,86,9/7/23 7:33,rating,1694072005
1457,73,5,91,9/7/23 7:33,rating,1694072006
1458,73,5,94,9/7/23 7:33,rating,1694072008
1459,73,5,96,9/7/23 7:33,rating,1694072009
1460,43,4,72,9/7/23 7:33,rating,1694072011
1461,75,8,36,9/7/23 7:33,rating,1694072018
1462,21,12,44,9/7/23 7:33,rating,1694072032
1463,21,3,56,9/7/23 7:33,rating,1694072037
1464,67,1,90,9/7/23 7:34,rating,1694072052
1465,74,8,10,9/7/23 7:34,rating,1694072053
1466,65,6,80,9/7/23 7:34,rating,1694072068
1467,65,6,78,9/7/23 7:34,rating,1694072075
1468,3,10,84,9/7/23 7:34,rating,1694072079
1469,3,10,90,9/7/23 7:34,rating,1694072083
1470,65,6,86,9/7/23 7:34,rating,1694072094
1471,65,6,77,9/7/23 7:34,rating,1694072096
1472,65,6,78,9/7/23 7:34,rating,1694072097
1473,65,6,79,9/7/23 7:34,rating,1694072097
1474,51,8,42,9/7/23 7:34,rating,1694072098
1475,65,6,80,9/7/23 7:34,rating,1694072099
1476,51,8,49,9/7/23 7:35,rating,1694072100
1477,63,9,75,9/7/23 7:35,rating,1694072130
1479,37,12,91,9/7/23 7:36,rating,1694072171
1480,21,2,60,9/7/23 7:36,rating,1694072188
1481,67,2,85,9/7/23 7:36,rating,1694072199
1482,67,2,79,9/7/23 7:36,rating,1694072205
1483,37,8,94,9/7/23 7:36,rating,1694072213
1484,37,8,90,9/7/23 7:36,rating,1694072216
1485,67,2,72,9/7/23 7:36,rating,1694072217
1486,68,7,75,9/7/23 7:37,rating,1694072221
1487,77,7,48,9/7/23 7:37,rating,1694072239
1488,77,7,73,9/7/23 7:37,rating,1694072240
1489,37,6,88,9/7/23 7:37,rating,1694072241
1490,45,4,70,9/7/23 7:37,rating,1694072249
1491,63,10,78,9/7/23 7:37,rating,1694072249
1492,74,9,81,9/7/23 7:37,rating,1694072265
1493,3,11,100,9/7/23 7:38,rating,1694072313
1494,37,2,92,9/7/23 7:39,rating,1694072354
1495,67,7,74,9/7/23 7:39,rating,1694072361
1496,65,1,95,9/7/23 7:39,rating,1694072369
1497,77,7,93,9/7/23 7:39,rating,1694072379
1498,77,7,100,9/7/23 7:39,rating,1694072379
1500,65,1,100,9/7/23 7:39,rating,1694072386
1502,37,4,90,9/7/23 7:39,rating,1694072395
1503,73,2,46,9/7/23 7:40,rating,1694072457
1504,73,2,47,9/7/23 7:40,rating,1694072457
1505,73,2,48,9/7/23 7:40,rating,1694072457
1506,73,2,49,9/7/23 7:40,rating,1694072458
1507,73,2,50,9/7/23 7:40,rating,1694072458
1508,73,2,51,9/7/23 7:40,rating,1694072458
1509,73,2,52,9/7/23 7:40,rating,1694072458
1510,73,2,53,9/7/23 7:40,rating,1694072458
1511,73,2,54,9/7/23 7:40,rating,1694072458
1512,73,2,55,9/7/23 7:40,rating,1694072458
1513,73,2,56,9/7/23 7:40,rating,1694072459
1514,73,2,57,9/7/23 7:40,rating,1694072459
1515,73,2,58,9/7/23 7:40,rating,1694072459
1516,73,2,59,9/7/23 7:40,rating,1694072459
1517,73,2,60,9/7/23 7:40,rating,1694072459
1518,73,2,61,9/7/23 7:41,rating,1694072460
1519,73,2,60,9/7/23 7:41,rating,1694072460
1520,63,11,80,9/7/23 7:41,rating,1694072474
1521,77,9,47,9/7/23 7:41,rating,1694072474
1522,77,9,69,9/7/23 7:41,rating,1694072477
1523,3,4,79,9/7/23 7:41,rating,1694072477
1524,3,4,85,9/7/23 7:41,rating,1694072480
1525,65,12,80,9/7/23 7:41,rating,1694072481
1526,51,10,55,9/7/23 7:41,rating,1694072485
1527,67,12,78,9/7/23 7:41,rating,1694072486
1528,67,12,77,9/7/23 7:41,rating,1694072497
1531,75,10,42,9/7/23 7:42,rating,1694072529
1532,75,10,40,9/7/23 7:42,rating,1694072535
1533,77,9,75,9/7/23 7:42,rating,1694072571
1534,68,10,40,9/7/23 7:42,rating,1694072576
1536,76,10,60,9/7/23 7:43,rating,1694072608
1537,67,4,79,9/7/23 7:43,rating,1694072638
1538,3,8,64,9/7/23 7:44,rating,1694072642
1539,3,8,80,9/7/23 7:44,rating,1694072647
1540,73,1,75,9/7/23 7:44,rating,1694072650
1541,73,1,76,9/7/23 7:44,rating,1694072651
1542,73,1,77,9/7/23 7:44,rating,1694072651
1543,73,1,78,9/7/23 7:44,rating,1694072651
1544,73,1,79,9/7/23 7:44,rating,1694072651
1545,73,1,80,9/7/23 7:44,rating,1694072651
1546,73,1,81,9/7/23 7:44,rating,1694072651
1547,73,1,82,9/7/23 7:44,rating,1694072652
1548,73,1,83,9/7/23 7:44,rating,1694072652
1549,73,1,84,9/7/23 7:44,rating,1694072652
1550,73,1,85,9/7/23 7:44,rating,1694072652
1551,73,1,86,9/7/23 7:44,rating,1694072652
1552,73,1,87,9/7/23 7:44,rating,1694072652
1553,73,1,88,9/7/23 7:44,rating,1694072653
1554,73,1,89,9/7/23 7:44,rating,1694072653
1555,73,1,90,9/7/23 7:44,rating,1694072653
1556,73,1,91,9/7/23 7:44,rating,1694072653
1557,73,1,92,9/7/23 7:44,rating,1694072653
1558,73,1,93,9/7/23 7:44,rating,1694072653
1559,73,1,94,9/7/23 7:44,rating,1694072654
1560,73,1,95,9/7/23 7:44,rating,1694072654
1561,73,1,96,9/7/23 7:44,rating,1694072654
1562,73,1,97,9/7/23 7:44,rating,1694072655
1565,65,2,78,9/7/23 7:45,rating,1694072742
1566,67,4,78,9/7/23 7:46,rating,1694072780
1567,65,4,75,9/7/23 7:47,rating,1694072838
1568,73,12,47,9/7/23 7:47,rating,1694072845
1569,73,12,48,9/7/23 7:47,rating,1694072846
1570,73,12,49,9/7/23 7:47,rating,1694072847
1571,73,12,50,9/7/23 7:47,rating,1694072847
1572,73,12,51,9/7/23 7:47,rating,1694072847
1573,73,12,52,9/7/23 7:47,rating,1694072847
1574,73,12,53,9/7/23 7:47,rating,1694072847
1575,73,12,54,9/7/23 7:47,rating,1694072847
1576,73,12,55,9/7/23 7:47,rating,1694072847
1577,73,12,56,9/7/23 7:47,rating,1694072848
1578,73,12,57,9/7/23 7:47,rating,1694072848
1579,73,12,58,9/7/23 7:47,rating,1694072848
1580,73,12,59,9/7/23 7:47,rating,1694072848
1581,73,12,60,9/7/23 7:47,rating,1694072848
1582,73,12,61,9/7/23 7:47,rating,1694072848
1583,73,12,62,9/7/23 7:47,rating,1694072848
1584,73,12,63,9/7/23 7:47,rating,1694072849
1585,73,12,64,9/7/23 7:47,rating,1694072849
1586,73,12,65,9/7/23 7:47,rating,1694072849
1587,73,12,66,9/7/23 7:47,rating,1694072849
1588,73,12,67,9/7/23 7:47,rating,1694072849
1589,73,12,68,9/7/23 7:47,rating,1694072850
1590,73,12,69,9/7/23 7:47,rating,1694072850
1591,73,12,70,9/7/23 7:47,rating,1694072850
1592,73,12,71,9/7/23 7:47,rating,1694072850
1593,73,12,72,9/7/23 7:47,rating,1694072850
1594,73,12,73,9/7/23 7:47,rating,1694072850
1595,73,12,74,9/7/23 7:47,rating,1694072850
1596,73,12,75,9/7/23 7:47,rating,1694072851
1597,73,12,76,9/7/23 7:47,rating,1694072851
1598,73,12,77,9/7/23 7:47,rating,1694072851
1599,73,12,78,9/7/23 7:47,rating,1694072851
1600,73,12,79,9/7/23 7:47,rating,1694072851
1601,73,12,80,9/7/23 7:47,rating,1694072852
1602,51,4,33,9/7/23 7:47,rating,1694072852
1603,68,6,55,9/7/23 7:47,rating,1694072878
1604,75,7,99,9/7/23 7:48,rating,1694072886
1605,3,9,86,9/7/23 7:48,rating,1694072915
1606,3,9,95,9/7/23 7:48,rating,1694072920
1610,73,12,37,9/7/23 7:49,rating,1694072996
1611,73,12,57,9/7/23 7:49,rating,1694072997
1612,73,12,71,9/7/23 7:49,rating,1694072998
1613,76,10,73,9/7/23 7:50,rating,1694073014
1614,76,7,62,9/7/23 7:50,rating,1694073026
1617,76,7,93,9/7/23 7:51,rating,1694073088
1618,75,5,94,9/7/23 7:52,rating,1694073167
1621,3,7,90,9/7/23 7:53,rating,1694073204
1622,3,7,95,9/7/23 7:53,rating,1694073204
1623,68,2,45,9/7/23 7:53,rating,1694073212
1624,73,9,86,9/7/23 7:53,rating,1694073215
1625,76,7,99,9/7/23 7:54,rating,1694073260
1627,63,4,84,9/7/23 7:54,rating,1694073286
1628,63,4,76,9/7/23 7:54,rating,1694073293
1629,63,4,87,9/7/23 7:57,rating,1694073425
1631,76,3,81,9/7/23 7:57,rating,1694073441
1633,76,3,88,9/7/23 7:57,rating,1694073444
1636,75,3,96,9/7/23 7:58,rating,1694073514
1637,76,3,92,9/7/23 7:58,rating,1694073522
1638,74,10,20,9/7/23 7:59,rating,1694073572
1639,76,6,53,9/7/23 8:00,rating,1694073625
1640,76,6,47,9/7/23 8:00,rating,1694073626
1641,76,6,54,9/7/23 8:00,rating,1694073626
1649,76,11,98,9/7/23 8:01,rating,1694073660
1650,76,11,100,9/7/23 8:01,rating,1694073662
1651,68,12,40,9/7/23 8:01,rating,1694073666
1652,74,1,82,9/7/23 8:01,rating,1694073701
1653,73,10,76,9/7/23 8:01,rating,1694073713
1654,73,10,80,9/7/23 8:01,rating,1694073717
1655,73,10,79,9/7/23 8:01,rating,1694073718
1656,73,10,78,9/7/23 8:01,rating,1694073718
1657,73,10,77,9/7/23 8:01,rating,1694073718
1658,76,8,53,9/7/23 8:02,rating,1694073721
1659,76,8,59,9/7/23 8:02,rating,1694073723
1660,76,8,64,9/7/23 8:02,rating,1694073723
1661,73,10,57,9/7/23 8:03,rating,1694073835
1662,73,10,68,9/7/23 8:03,rating,1694073837
1663,73,10,69,9/7/23 8:03,rating,1694073838
1664,73,10,70,9/7/23 8:03,rating,1694073838
1665,73,10,71,9/7/23 8:03,rating,1694073838
1666,73,10,72,9/7/23 8:03,rating,1694073838
1667,75,12,31,9/7/23 8:04,rating,1694073850
1668,76,12,51,9/7/23 8:04,rating,1694073874
1669,76,12,55,9/7/23 8:04,rating,1694073876
1670,76,12,60,9/7/23 8:04,rating,1694073877
1671,74,3,88,9/7/23 8:04,rating,1694073877
1672,76,1,73,9/7/23 8:06,rating,1694073963
1673,76,1,79,9/7/23 8:06,rating,1694073964
1674,76,1,91,9/7/23 8:06,rating,1694073965
1675,74,2,80,9/7/23 8:06,rating,1694073983
1676,76,5,88,9/7/23 8:06,rating,1694073999
1677,68,5,95,9/7/23 8:06,rating,1694074011
1678,73,4,49,9/7/23 8:06,rating,1694074019
1679,73,4,50,9/7/23 8:07,rating,1694074020
1680,73,4,51,9/7/23 8:07,rating,1694074020
1681,73,4,52,9/7/23 8:07,rating,1694074020
1682,73,4,53,9/7/23 8:07,rating,1694074020
1683,73,4,54,9/7/23 8:07,rating,1694074020
1684,73,4,55,9/7/23 8:07,rating,1694074021
1685,73,4,56,9/7/23 8:07,rating,1694074021
1686,73,4,57,9/7/23 8:07,rating,1694074021
1687,73,4,58,9/7/23 8:07,rating,1694074022
1688,73,4,59,9/7/23 8:07,rating,1694074022
1689,73,4,60,9/7/23 8:07,rating,1694074022
1690,73,4,61,9/7/23 8:07,rating,1694074022
1691,73,4,62,9/7/23 8:07,rating,1694074022
1692,73,4,63,9/7/23 8:07,rating,1694074022
1693,73,4,64,9/7/23 8:07,rating,1694074023
1694,73,4,65,9/7/23 8:07,rating,1694074023
1695,73,4,66,9/7/23 8:07,rating,1694074023
1696,73,4,67,9/7/23 8:07,rating,1694074023
1697,73,4,68,9/7/23 8:07,rating,1694074024
1698,73,4,69,9/7/23 8:07,rating,1694074024
1699,73,4,68,9/7/23 8:07,rating,1694074025
1700,73,4,69,9/7/23 8:07,rating,1694074027
1701,73,4,70,9/7/23 8:07,rating,1694074027
1702,73,4,71,9/7/23 8:07,rating,1694074028
1703,76,5,94,9/7/23 8:08,rating,1694074082
1704,76,9,87,9/7/23 8:08,rating,1694074090
1705,3,3,89,9/7/23 8:08,rating,1694074136
1706,3,3,95,9/7/23 8:08,rating,1694074138
1707,3,3,98,9/7/23 8:09,rating,1694074143
1708,76,2,65,9/7/23 8:09,rating,1694074152
1709,75,2,35,9/7/23 8:09,rating,1694074157
1710,76,4,61,9/7/23 8:09,rating,1694074183
1711,74,6,48,9/7/23 8:10,rating,1694074235
1712,77,11,30,9/7/23 8:11,rating,1694074275
1713,68,4,50,9/7/23 8:12,rating,1694074349
1715,74,12,49,9/7/23 8:14,rating,1694074472
1716,75,1,92,9/7/23 8:14,rating,1694074481
1717,77,11,100,9/7/23 8:15,rating,1694074531
1718,77,1,38,9/7/23 8:16,rating,1694074576
1719,74,5,84,9/7/23 8:16,rating,1694074608
1720,75,11,93,9/7/23 8:18,rating,1694074684
1721,74,11,87,9/7/23 8:19,rating,1694074751
1722,77,1,88,9/7/23 8:20,rating,1694074808
1723,77,1,87,9/7/23 8:20,rating,1694074809
1724,77,1,86,9/7/23 8:20,rating,1694074809
1726,77,1,48,9/7/23 8:20,rating,1694074811
1727,77,1,39,9/7/23 8:20,rating,1694074812
1728,77,1,41,9/7/23 8:20,rating,1694074812
1729,77,1,48,9/7/23 8:20,rating,1694074815
1730,77,1,49,9/7/23 8:20,rating,1694074818
1731,77,1,55,9/7/23 8:20,rating,1694074819
1732,77,1,59,9/7/23 8:20,rating,1694074822
1733,77,1,62,9/7/23 8:20,rating,1694074824
1734,77,1,64,9/7/23 8:20,rating,1694074827
1735,77,1,62,9/7/23 8:20,rating,1694074828
1736,77,1,63,9/7/23 8:20,rating,1694074829
1737,77,1,62,9/7/23 8:20,rating,1694074830
1738,77,1,61,9/7/23 8:20,rating,1694074832
1739,77,1,62,9/7/23 8:20,rating,1694074833
1740,77,1,65,9/7/23 8:20,rating,1694074834
1741,77,1,67,9/7/23 8:20,rating,1694074834
1742,74,4,49,9/7/23 8:21,rating,1694074890
1743,77,12,17,9/7/23 8:21,rating,1694074906
1744,77,12,21,9/7/23 8:21,rating,1694074908
1745,77,12,24,9/7/23 8:21,rating,1694074909
1746,77,12,27,9/7/23 8:21,rating,1694074909
1747,77,12,31,9/7/23 8:21,rating,1694074910
1748,74,7,76,9/7/23 8:24,rating,1694075085
1749,77,12,51,9/7/23 8:25,rating,1694075140
1750,77,12,79,9/7/23 8:25,rating,1694075141
1751,77,12,73,9/7/23 8:25,rating,1694075142
1752,75,4,36,9/7/23 8:26,rating,1694075181
1753,58,3,29,9/7/23 8:27,summary,1694075246
1754,58,3,54,9/7/23 8:27,summary,1694075248
1755,58,3,75,9/7/23 8:27,summary,1694075250
1756,58,3,92,9/7/23 8:27,summary,1694075252
1757,81,12,53,9/7/23 8:33,rating,1694075604
1758,81,12,25,9/7/23 8:36,rating,1694075815
1759,80,2,85,9/7/23 8:37,rating,1694075848
1760,80,2,87,9/7/23 8:37,rating,1694075851
1761,80,2,90,9/7/23 8:37,rating,1694075852
1762,77,2,26,9/7/23 8:38,rating,1694075917
1763,77,2,33,9/7/23 8:38,rating,1694075917
1764,77,2,39,9/7/23 8:38,rating,1694075918
1765,77,2,42,9/7/23 8:38,rating,1694075919
1766,77,2,47,9/7/23 8:38,rating,1694075919
1767,79,12,65,9/7/23 8:41,rating,1694076078
1768,80,3,95,9/7/23 8:42,rating,1694076157
1769,80,3,100,9/7/23 8:42,rating,1694076160
1770,77,10,25,9/7/23 8:43,rating,1694076190
1771,77,10,42,9/7/23 8:44,rating,1694076276
1772,80,2,75,9/7/23 8:46,rating,1694076374
1773,80,2,80,9/7/23 8:46,rating,1694076380
1774,77,5,25,9/7/23 8:46,rating,1694076408
1775,77,5,33,9/7/23 8:46,rating,1694076410
1776,77,5,35,9/7/23 8:46,rating,1694076410
1777,77,5,84,9/7/23 8:48,rating,1694076521
1778,77,6,14,9/7/23 8:49,rating,1694076568
1779,77,6,25,9/7/23 8:49,rating,1694076569
1780,77,6,26,9/7/23 8:49,rating,1694076569
1781,77,6,43,9/7/23 8:50,rating,1694076611
1782,77,6,60,9/7/23 8:51,rating,1694076664
1783,82,2,58,9/7/23 8:51,rating,1694076666
1784,82,2,70,9/7/23 8:51,rating,1694076673
1785,77,6,86,9/7/23 8:51,rating,1694076683
1786,81,9,81,9/7/23 8:51,rating,1694076700
1787,77,3,25,9/7/23 8:51,rating,1694076717
1788,77,3,42,9/7/23 8:52,rating,1694076741
1789,77,3,74,9/7/23 8:53,rating,1694076795
1790,77,4,24,9/7/23 8:54,rating,1694076857
1791,80,7,100,9/7/23 8:55,rating,1694076904
1792,82,3,95,9/7/23 8:55,rating,1694076933
1793,80,7,95,9/7/23 8:56,rating,1694077004
1794,80,3,95,9/7/23 8:56,rating,1694077009
1795,82,6,51,9/7/23 8:59,rating,1694077196
1796,80,1,100,9/7/23 9:02,rating,1694077350
1797,81,1,86,9/7/23 9:03,rating,1694077383
1798,82,11,90,9/7/23 9:05,rating,1694077508
1799,82,11,100,9/7/23 9:05,rating,1694077515
1800,82,12,60,9/7/23 9:08,rating,1694077727
1801,80,8,75,9/7/23 9:10,rating,1694077856
1802,82,5,100,9/7/23 9:12,rating,1694077934
1803,79,2,76,9/7/23 9:13,rating,1694077985
1804,82,9,95,9/7/23 9:16,rating,1694078189
1805,81,8,28,9/7/23 9:16,rating,1694078218
1806,81,8,37,9/7/23 9:17,rating,1694078222
1807,80,5,100,9/7/23 9:20,rating,1694078408
1808,82,1,95,9/7/23 9:20,rating,1694078410
1809,82,7,90,9/7/23 9:26,rating,1694078765
1810,81,5,82,9/7/23 9:26,rating,1694078779
1811,81,5,86,9/7/23 9:26,rating,1694078782
1812,82,10,58,9/7/23 9:29,rating,1694078990
1813,82,10,56,9/7/23 9:29,rating,1694078993
1814,82,10,52,9/7/23 9:29,rating,1694078999
1815,82,10,56,9/7/23 9:30,rating,1694079000
1816,80,12,75,9/7/23 9:32,rating,1694079179
1817,82,8,60,9/7/23 9:34,rating,1694079270
1818,81,11,100,9/7/23 9:36,rating,1694079399
1819,81,11,96,9/7/23 9:36,rating,1694079402
1820,83,11,80,9/7/23 9:38,rating,1694079532
1821,83,11,85,9/7/23 9:38,rating,1694079537
1822,82,4,70,9/7/23 9:39,rating,1694079562
1823,81,2,29,9/7/23 9:39,rating,1694079568
1824,82,4,64,9/7/23 9:39,rating,1694079570
1825,82,4,68,9/7/23 9:39,rating,1694079572
1826,82,4,65,9/7/23 9:39,rating,1694079574
1827,82,4,61,9/7/23 9:39,rating,1694079583
1828,82,4,60,9/7/23 9:39,rating,1694079585
1829,80,9,95,9/7/23 9:42,rating,1694079733
1830,81,10,38,9/7/23 9:42,rating,1694079766
1831,81,10,44,9/7/23 9:42,rating,1694079769
1832,83,8,80,9/7/23 9:43,rating,1694079812
1833,81,6,34,9/7/23 9:46,rating,1694079966
1834,81,6,40,9/7/23 9:46,rating,1694079969
1835,83,2,50,9/7/23 9:48,rating,1694080132
1836,83,2,60,9/7/23 9:48,rating,1694080135
1837,81,3,86,9/7/23 9:49,rating,1694080160
1838,79,7,83,9/7/23 9:50,rating,1694080228
1839,80,10,75,9/7/23 9:52,rating,1694080361
1840,83,3,85,9/7/23 9:52,rating,1694080379
1841,80,11,100,9/7/23 9:53,rating,1694080392
1842,81,7,75,9/7/23 9:53,rating,1694080406
1843,81,7,83,9/7/23 9:53,rating,1694080407
1844,81,7,86,9/7/23 9:53,rating,1694080411
1845,81,4,69,9/7/23 9:55,rating,1694080558
1846,84,6,46,9/7/23 9:56,rating,1694080578
1847,84,6,58,9/7/23 9:56,rating,1694080579
1848,79,9,81,9/7/23 9:56,rating,1694080604
1849,84,5,61,9/7/23 9:56,rating,1694080608
1850,79,9,89,9/7/23 9:56,rating,1694080609
1851,84,2,62,9/7/23 9:57,rating,1694080620
1852,84,1,69,9/7/23 9:57,rating,1694080630
1853,84,1,84,9/7/23 9:57,rating,1694080631
1854,84,8,49,9/7/23 9:57,rating,1694080638
1855,84,9,59,9/7/23 9:57,rating,1694080643
1856,84,9,67,9/7/23 9:57,rating,1694080645
1857,84,11,81,9/7/23 9:57,rating,1694080652
1858,84,11,95,9/7/23 9:57,rating,1694080653
1859,84,3,73,9/7/23 9:57,rating,1694080661
1860,84,7,65,9/7/23 9:57,rating,1694080667
1861,84,12,51,9/7/23 9:57,rating,1694080671
1862,84,10,47,9/7/23 9:57,rating,1694080676
1863,84,4,37,9/7/23 9:58,rating,1694080682
1864,80,6,65,9/7/23 10:11,rating,1694081489
1865,83,12,37,9/7/23 10:20,rating,1694082023
1866,83,12,43,9/7/23 10:20,rating,1694082026
1867,80,4,70,9/7/23 10:21,rating,1694082091
1868,83,1,79,9/7/23 10:23,rating,1694082227
1869,83,1,90,9/7/23 10:23,rating,1694082232
1870,83,1,81,9/7/23 10:24,rating,1694082240
1871,83,1,89,9/7/23 10:24,rating,1694082242
1872,83,1,84,9/7/23 10:24,rating,1694082243
1873,85,12,65,9/7/23 10:30,rating,1694082602
1874,85,9,90,9/7/23 10:34,rating,1694082865
1875,83,5,82,9/7/23 10:35,rating,1694082926
1876,83,5,91,9/7/23 10:35,rating,1694082929
1877,83,5,90,9/7/23 10:35,rating,1694082930
1878,83,5,87,9/7/23 10:35,rating,1694082932
1879,83,5,88,9/7/23 10:35,rating,1694082933
1880,83,6,23,9/7/23 10:38,rating,1694083089
1881,83,6,30,9/7/23 10:38,rating,1694083092
1882,85,7,86,9/7/23 10:39,rating,1694083147
1883,85,7,85,9/7/23 10:41,rating,1694083282
1884,85,5,94,9/7/23 10:42,rating,1694083334
1885,85,3,88,9/7/23 10:47,rating,1694083679
1886,79,8,56,9/7/23 10:51,rating,1694083901
1887,79,8,59,9/7/23 10:51,rating,1694083906
1888,79,3,83,9/7/23 10:52,rating,1694083923
1889,83,10,33,9/7/23 10:55,rating,1694084120
1890,83,7,81,9/7/23 10:58,rating,1694084321
1891,79,11,88,9/7/23 10:59,rating,1694084393
1892,79,1,93,9/7/23 11:00,rating,1694084431
1893,83,9,67,9/7/23 11:01,rating,1694084496
1894,83,9,69,9/7/23 11:01,rating,1694084498
1895,83,9,73,9/7/23 11:01,rating,1694084499
1896,83,9,70,9/7/23 11:01,rating,1694084502
1897,83,4,26,9/7/23 11:04,rating,1694084664
1898,79,6,52,9/7/23 11:04,rating,1694084665
1899,83,4,37,9/7/23 11:04,rating,1694084665
1900,83,4,28,9/7/23 11:04,rating,1694084668
1901,83,4,40,9/7/23 11:04,rating,1694084669
1902,85,6,67,9/7/23 11:05,rating,1694084744
1903,85,6,60,9/7/23 11:05,rating,1694084752
1904,85,2,70,9/7/23 11:08,rating,1694084914
1905,85,10,71,9/7/23 11:09,rating,1694084971
1906,85,8,75,9/7/23 11:14,rating,1694085263
1907,85,8,73,9/7/23 11:14,rating,1694085277
1908,85,1,92,9/7/23 11:16,rating,1694085404
1909,85,11,95,9/7/23 11:18,rating,1694085500
1910,79,10,47,9/7/23 11:19,rating,1694085557
1911,85,4,66,9/7/23 11:25,rating,1694085920
1912,79,5,85,9/7/23 11:43,rating,1694087006
1913,79,5,91,9/7/23 11:43,rating,1694087008
1914,79,5,95,9/7/23 11:43,rating,1694087008
1915,79,4,47,9/7/23 11:43,rating,1694087018
1916,79,4,50,9/7/23 11:43,rating,1694087019
1917,79,4,39,9/7/23 11:43,rating,1694087037
1918,79,4,58,9/7/23 11:43,rating,1694087039
1919,79,11,95,9/7/23 11:53,summary,1694087636
1920,79,10,62,9/7/23 11:54,summary,1694087657
1921,79,4,71,9/7/23 11:54,summary,1694087665
1922,79,5,91,9/7/23 11:54,rating,1694087672
